数据日期,客户编号,客户编号转码,客户名称,合同流水号,合同编号,年初风险分类名称,最新风险分类结果,年初风险分类,最新风险分类,最新风险五级分类,合同期限(年),短中长期贷款标识,客户所属省/市,业务品种大类,分区日期: [yyyyMMdd],一级分行名称,账务机构代码,账务机构名称,账务机构全路径,合同账务机构,合同状态,合同到期日期,合同经办人,实际发放日期,实际到期日期,合同终结日期,授信申请流水号,债项审批通知书流水号,主体通知书流水号,债项额度编号,授信协议额度流水号,授信协议通知书流水号,授信协议合同流水号,是否占用额度,占用额度客户编号,额度占用方角色,额度占用方债项审批通知书流水号,占用债项授信额度流水号,第三方额度流水号,第三方额度审批通知书流水号,占用第三方额度客户编号,基准利率代号,浮动类型,计息方式,计息周期,源系统业务品种名称,业务品种名称,业务类别名称,产品代码,发生类型,货币种类,还款方式名称,主要担保方式名称,国标行业投向代码,国标行业投向名称,本行投向代码,相关科目代码,相关科目名称,委托人客户类型,客户考核分类,客户考核预分类,经济类型代码,所在行政区划名称,控股类型（企业出资人经济成分）,首次风险分类时间,最新风险分类时间,系统控制类型,系统控制模板类型,合同模式标识,数据来源系统代码,战略新兴产业类型代码,战略新兴产业类型名称,承诺业务品种,汇率（本外币折人民币）,客户所属集团名称,客户所属集团,客户所属国标行业名称,贷款余额(万元),合同金额(万元)
2026-06-30,900000000022,A00022,新科食品集团有限公司,2022010500001OP,841091391740-2,0400--可疑,0102--正常2,不良,正常,正常,7.0,长期,内蒙古自治区,公司固定贷款,2026-06-30,呼和浩特分行,00103,呼和浩特市城北支行,"0108001,0140001,150102,00103",00103,301--已生效待下柜,2029-01-05,JB4248,2022-01-05,2029-01-05,,zxsq2022010500001DK,tz2022010500001FF,tz2021122000001WW,FXQYF282L91898995888429420118192782367158,,,,1--是,900000000022,01--融资人,tz2022010500001FF,FXQYF282L91898995888429420118192782367158,,,,01700Y05,0--浮动值浮动,5--满季分段计息,1--按季计息,银团贷款,10108--银团贷款,2001--单一债项,105080000,0100--正常申请,14--美元,02--到期还款,202--自然人保证,C3032,C3032--建筑用石加工,77,113501,113501--银团贷款出资额,企业法人,基础客户,长尾,174,150102--内蒙古自治区--呼和浩特市--新城区,B0302--外商绝对控股,2022-04-02 14:05:16,2025-09-14 09:29:41,0008--主合同(企金合同),1001--传统企金业务模板,1,LOAN_CORE,0,0-不属于战略性新兴产业,10108--银团贷款,7.0858221628,新科产业集团有限公司,有,C3032--建筑用石加工,3676.86,3680.73
2026-06-30,900000000092,A00092,华盛物流有限公司,2023123100002JU,908906239784-6,0101--正常1,0300--次级,正常,不良,次级,0.5,短期,甘肃省,公司流动贷款,2026-06-30,兰州分行,00104,兰州市中心支行,"0108001,0140001,620102,00104",00104,301--已生效待下柜,2024-06-28,JB5163,2023-12-31,2024-06-28,,zxsq20231231000023B,tz2023123100002XV,tz20231228000020H,FXQYF504L56926774776205761553353097279885,,,,1--是,900000000092,01--融资人,tz2023123100002XV,FXQYF504L56926774776205761553353097279885,DSFED2023123100000002,dstz2023123100002BC,900000000021,14802D01,0--浮动值浮动,5--满季分段计息,0--按月计息,公司结算帐户透支,1010401--公司结算帐户透支,2002--组合债项,105040100,0100--正常申请,01--人民币,02--到期还款,30202--工业用地土地使用权抵押,E5011,E5011--公共建筑装饰和装修,02,125110,125110--单位结算账户透支,企业法人,基础客户,长尾,141,620102--甘肃省--兰州市--城关区,A0102--国有绝对控股,2024-02-10 11:24:27,2025-08-22 17:13:48,0008--主合同(企金合同),1001--传统企金业务模板,1,CRM,1,1-新一代信息技术产业,1010401--公司结算帐户透支,1.0,,无,E5011--公共建筑装饰和装修,7023.51,7838.68
2026-06-30,900000000076,A00076,鼎盛医药集团有限公司,2024092700003XZ,986040539823-5,0203--关注3,0103--正常3,关注,正常,正常,10.0,长期,青海省,公司固定贷款,2026-06-30,西宁分行,00107,西宁市城北支行,"0108001,0140001,630104,00107",00107,301--已生效待下柜,2034-09-27,JB5067,2024-09-27,2034-09-27,,zxsq2024092700003SI,tz2024092700003TY,tz2024090900003WM,FXQYF897L91059485395185116351922409355120,XYED2024092700000003,xytz2024092700003Z8,xyht2024092700003AW,1--是,900000000076,01--融资人,tz2024092700003TY,FXQYF897L91059485395185116351922409355120,,,,01700Y01,0--浮动值浮动,5--满季分段计息,1--按季计息,并购贷款,10106--并购贷款,2001--单一债项,105060000,0301--重组-借新还旧（变更主体）,01--人民币,02--到期还款,40101--活期保证金,E4790,E4790--其他房屋建筑业,50,113301,113301--普通长期贷款,企业法人,重点客户,价值,141,630104--青海省--西宁市--城西区,A0201--集体相对控股,2024-09-30 14:32:19,2025-04-23 12:33:52,0008--主合同(企金合同),1001--传统企金业务模板,1,LOAN_CORE,0,0-不属于战略性新兴产业,10106--并购贷款,1.0,,无,E4790--其他房屋建筑业,3448.4,4179.88
2026-06-30,900000000080,A00080,众联制造有限公司,202305260000498,517876647889-5,0101--正常1,0103--正常3,正常,正常,正常,3.0,中期,湖南省,公司流动贷款,2026-06-30,长沙分行,00108,长沙市高新支行,"0108001,0140001,430104,00108",00108,301--已生效待下柜,2026-05-26,JB5564,2023-05-26,2026-07-25,,zxsq2023052600004WA,tz2023052600004XQ,tz2023052500004RE,FXQYF399L77394017826694794163599210953003,,,,1--是,900000000080,01--融资人,tz2023052600004XQ,FXQYF399L77394017826694794163599210953003,,,,01700Y05,0--浮动值浮动,4--满月分段计息,2--按年计息,公司流动资金贷款,10101--公司流动资金贷款,2001--单一债项,105030000,0100--正常申请,01--人民币,0101--分期等额本金,41699--其他应收账款质押,C2720,C2720--化学药品制剂制造,11,113201,113201--普通中期贷款,企业法人,风险客户,风险,171,430104--湖南省--长沙市--岳麓区,A0201--集体相对控股,2023-06-21 17:40:55,2025-06-12 09:29:34,0008--主合同(企金合同),1001--传统企金业务模板,1,LOAN_CORE,1,1-新一代信息技术产业,10101--公司流动资金贷款,1.0,,无,C2720--化学药品制剂制造,691.31,2063.61
2026-06-30,900000000082,A00082,远景食品股份有限公司,2026032700005EC,647660527391-1,0102--正常2,0400--可疑,正常,不良,可疑,5.0,中期,北京市,公司固定贷款,2026-06-30,北京分行,00110,北京市高新支行,"0108001,0140001,110105,00110",00110,301--已生效待下柜,2031-03-27,JB4449,2026-03-27,2031-04-26,,zxsq2026032700005XG,tz2026032700005XF,tz20260325000053W,FXQYF697L72032777608663188159472009642828,XYED2026032700000005,xytz2026032700005CA,xyht2026032700005PY,1--是,900000000082,01--融资人,tz2026032700005XF,FXQYF697L72032777608663188159472009642828,,,,01700Y05,0--浮动值浮动,1--不分段计息,9--满季计息,公司住房开发贷款,1010201--公司住房开发贷款,2002--组合债项,105020100,0302--重组-借新还旧（不变更主体）,01--人民币,0101--分期等额本金,101--一般信用,K7010,K7010--房地产开发经营,45,113202,113202--中期住房开发贷款,企业法人,重点客户,价值,190,110105--北京市--北京市--朝阳区,A0102--国有绝对控股,2026-05-05 12:34:49,2026-05-31 11:02:37,0008--主合同(企金合同),1001--传统企金业务模板,1,LOAN_CORE,0,0-不属于战略性新兴产业,1010201--公司住房开发贷款,1.0,,无,K7010--房地产开发经营,4900.59,5078.33
2026-06-30,900000000086,A00086,星海食品有限公司,2022112500006FJ,278015002376-6,0103--正常3,0400--可疑,正常,不良,可疑,3.0,中期,天津市,公司流动贷款,2026-06-30,天津分行,00107,天津市城南支行,"0108001,0140001,120101,00107",00107,301--已生效待下柜,2025-11-25,JB0547,2022-11-25,2026-01-24,,zxsq202211250000692,tz2022112500006S4,tz20221112000063N,FXQYF132L12636953095781496988586879572939,,,,1--是,900000000086,01--融资人,tz2022112500006S4,FXQYF132L12636953095781496988586879572939,,,,01700Y01,0--浮动值浮动,1--不分段计息,0--按月计息,流动资金额度循环贷款,10107--流动资金额度循环贷款,2001--单一债项,105070000,0100--正常申请,01--人民币,02--到期还款,30102--商业用房抵押,C1369,C1369--其他水产品加工,31,113201,113201--普通中期贷款,企业法人,成长客户,潜力,174,120101--天津市--天津市--和平区,A0201--集体相对控股,2022-12-30 10:41:22,2025-04-23 17:47:46,0008--主合同(企金合同),1001--传统企金业务模板,1,CREDIT,0,0-不属于战略性新兴产业,10107--流动资金额度循环贷款,1.0,嘉禾产业集团有限公司,有,C1369--其他水产品加工,307.04,916.55
2026-06-30,900000000010,A00010,华盛机械集团有限公司,20220406000072F,801333238136-7,0300--次级,0101--正常1,不良,正常,正常,3.0,中期,黑龙江省,公司固定贷款,2026-06-30,哈尔滨分行,00110,哈尔滨市营业部,"0108001,0140001,230103,00110",00110,302--已生效终止下柜,2025-04-06,JB0205,2022-04-06,2025-04-06,2025-04-10,zxsq20220406000070Z,tz2022040600007ER,tz202204040000762,FXQYF816L71964471045940264356501574602283,XYED2022040600000007,xytz2022040600007MH,xyht2022040600007Y4,1--是,900000000010,01--融资人,tz2022040600007ER,FXQYF816L71964471045940264356501574602283,,,,14802D01,0--浮动值浮动,1--不分段计息,1--按季计息,公司住房开发贷款,1010201--公司住房开发贷款,2001--单一债项,105020100,0100--正常申请,01--人民币,02--到期还款,40904--商业承兑汇票质押,C2412,C2412--笔的制造,30,113202,113202--中期住房开发贷款,企业法人,成长客户,潜力,171,230103--黑龙江省--哈尔滨市--南岗区,A0102--国有绝对控股,2022-04-25 16:41:51,2025-01-13 14:11:11,0008--主合同(企金合同),1001--传统企金业务模板,1,LOAN_CORE,0,0-不属于战略性新兴产业,1010201--公司住房开发贷款,1.0,,无,C2412--笔的制造,0.0,5862.32
2026-06-30,900000000066,A00066,星海能源股份有限公司,20240223000087B,147726511071-1,0102--正常2,0103--正常3,正常,正常,正常,0.5,短期,北京市,公司流动贷款,2026-06-30,北京分行,00113,北京市中心支行,"0108001,0140001,110105,00113",00113,302--已生效终止下柜,2024-08-23,JB8107,2024-02-23,2024-08-23,2024-09-06,zxsq2024022300008R4,tz2024022300008MA,tz2024021700008AZ,FXQYF304L32007408073016480959618176075149,,,,1--是,900000000066,01--融资人,tz2024022300008MA,FXQYF304L32007408073016480959618176075149,,,,14802D01,0--浮动值浮动,5--满季分段计息,1--按季计息,流动资金额度循环贷款,10107--流动资金额度循环贷款,2002--组合债项,105070000,0100--正常申请,01--人民币,03--分期还款（不规则期限还款）,40101--活期保证金,K7040,K7040--房地产租赁经营,69,113101,113101--普通短期贷款,企业法人,成长客户,潜力,110,110105--北京市--北京市--朝阳区,B0301--外商相对控股,2024-04-11 10:41:48,2026-04-18 17:12:29,0008--主合同(企金合同),1001--传统企金业务模板,1,LOAN_CORE,0,0-不属于战略性新兴产业,10107--流动资金额度循环贷款,1.0,新科产业集团有限公司,有,K7040--房地产租赁经营,0.0,4865.65
2026-06-30,900000000013,A00013,众联软件股份有限公司,2023033100009VM,311683741231-2,0203--关注3,0101--正常1,关注,正常,正常,3.0,中期,陕西省,公司固定贷款,2026-06-30,西安分行,00122,西安市城南支行,"0108001,0140001,610113,00122",00122,302--已生效终止下柜,2026-03-28,JB1021,2023-03-31,2026-04-27,2026-05-27,zxsq2023033100009Y8,tz2023033100009P9,tz20230319000095J,FXQYF750L17997037234890525183145076113570,,,,1--是,900000000013,01--融资人,tz2023033100009P9,FXQYF750L17997037234890525183145076113570,,,,01700Y05,0--浮动值浮动,1--不分段计息,0--按月计息,公司住房开发贷款,1010201--公司住房开发贷款,2001--单一债项,105020100,0100--正常申请,01--人民币,0101--分期等额本金,40904--商业承兑汇票质押,L7271,L7271--安全服务,30,113202,113202--中期住房开发贷款,企业法人,重点客户,价值,171,610113--陕西省--西安市--雁塔区,B0301--外商相对控股,2023-05-23 12:25:48,2026-06-29 18:44:59,0008--主合同(企金合同),1001--传统企金业务模板,1,LOAN_CORE,4,4-生物产业,1010201--公司住房开发贷款,1.0,新科产业集团有限公司,有,L7271--安全服务,0.0,609.63
2026-06-30,900000000039,A00039,众联能源股份有限公司,20221030000106R,977377779440-7,0400--可疑,0201--关注1,不良,关注,关注,10.0,长期,青海省,公司固定贷款,2026-06-30,西宁分行,00114,西宁市高新支行,"0108001,0140001,630104,00114",00114,301--已生效待下柜,2032-10-28,JB8065,2022-10-30,2032-12-27,,zxsq2022103000010S6,tz20221030000102M,tz2022102600010NH,FXQYF559L12361427782041178376992752123185,,,,1--是,900000000039,01--融资人,tz20221030000102M,FXQYF559L12361427782041178376992752123185,DSFED2022103000000010,dstz2022103000010AV,900000000053,01700Y01,0--浮动值浮动,4--满月分段计息,4--手工计息,并购贷款,10106--并购贷款,2001--单一债项,105060000,0100--正常申请,14--美元,0102--分期等额本息,30201--商业用地土地使用权抵押,C2659,C2659--其他合成材料制造,14,113301,113301--普通长期贷款,企业法人,成长客户,潜力,159,630104--青海省--西宁市--城西区,A0102--国有绝对控股,2022-11-21 11:40:21,2025-10-22 10:13:47,0008--主合同(企金合同),1001--传统企金业务模板,1,CRM,1,1-新一代信息技术产业,10106--并购贷款,7.2479537467,,无,C2659--其他合成材料制造,2544.43,4017.52
2026-06-30,900000000083,A00083,中恒制造集团有限公司,2022123100011G4,138582069008-7,0102--正常2,0103--正常3,正常,正常,正常,3.0,中期,山东省,公司固定贷款,2026-06-30,济南分行,00113,济南市城南支行,"0108001,0140001,370102,00113",00113,302--已生效终止下柜,2025-12-28,JB6245,2022-12-31,2026-01-27,2026-01-31,zxsq2022123100011WH,tz20221231000116B,tz20221228000115O,FXQYF700L89590636822414511284938484744948,XYED2022123100000011,xytz2022123100011FT,xyht2022123100011ND,1--是,900000000083,01--融资人,tz20221231000116B,FXQYF700L89590636822414511284938484744948,,,,14802D01,0--浮动值浮动,1--不分段计息,0--按月计息,项目贷款,1010203--项目贷款,2001--单一债项,105020300,0100--正常申请,01--人民币,0101--分期等额本金,30102--商业用房抵押,C3525,C3525--模具制造,31,113201,113201--普通中期贷款,企业法人,风险客户,风险,149,370102--山东省--济南市--历下区,A0102--国有绝对控股,2023-01-09 17:33:19,2025-08-30 10:30:10,0008--主合同(企金合同),1001--传统企金业务模板,1,LOAN_CORE,4,4-生物产业,1010203--项目贷款,1.0,,无,C3525--模具制造,0.0,1709.52
2026-06-30,900000000035,A00035,星海材料有限公司,20220225000127H,227005876179-9,0103--正常3,0101--正常1,正常,正常,正常,2.0,中期,湖南省,公司固定贷款,2026-06-30,长沙分行,00116,长沙市营业部,"0108001,0140001,430104,00116",00116,302--已生效终止下柜,2024-02-25,JB1080,2022-02-25,2024-04-25,2024-05-23,zxsq2022022500012MT,tz2022022500012OF,tz2022021100012V9,FXQYF560L93389772023207455676793328162785,XYED2022022500000012,xytz2022022500012WS,xyht2022022500012L0,1--是,900000000035,01--融资人,tz2022022500012OF,FXQYF560L93389772023207455676793328162785,,,,14802D01,0--浮动值浮动,1--不分段计息,0--按月计息,其他固定资产贷款,1010299--其他固定资产贷款,2001--单一债项,105029900,0100--正常申请,01--人民币,02--到期还款,30201--商业用地土地使用权抵押,C4028,C4028--电子测量仪器制造,20,113201,113201--普通中期贷款,企业法人,重点客户,价值,149,430104--湖南省--长沙市--岳麓区,A0102--国有绝对控股,2022-04-26 08:59:14,2025-10-25 09:15:39,0008--主合同(企金合同),1001--传统企金业务模板,1,LOAN_CORE,2,2-高端装备制造产业,1010299--其他固定资产贷款,1.0,新科产业集团有限公司,有,C4028--电子测量仪器制造,0.0,1643.19
2026-06-30,900000000060,A00060,鼎盛医药有限公司,2025020400013A4,964221188890-6,0101--正常1,0103--正常3,正常,正常,正常,10.0,长期,安徽省,公司固定贷款,2026-06-30,合肥分行,00117,合肥市中心支行,"0108001,0140001,340104,00117",00117,301--已生效待下柜,2035-02-04,JB2393,2025-02-04,2035-04-05,,zxsq2025020400013KB,tz2025020400013S2,tz2025011600013R4,FXQYF503L07661693235212895076294834394615,XYED2025020400000013,xytz202502040001307,xyht20250204000139I,1--是,900000000060,01--融资人,tz2025020400013S2,FXQYF503L07661693235212895076294834394615,,,,14802D01,0--浮动值浮动,1--不分段计息,2--按年计息,其他固定资产贷款,1010299--其他固定资产贷款,2001--单一债项,105029900,0100--正常申请,01--人民币,0101--分期等额本金,201--公司法人保证,C3511,C3511--矿山机械制造,68,113301,113301--普通长期贷款,企业法人,成长客户,潜力,110,340104--安徽省--合肥市--蜀山区,A0102--国有绝对控股,2025-02-10 16:35:05,2026-05-01 11:41:04,0008--主合同(企金合同),1001--传统企金业务模板,1,LOAN_CORE,1,1-新一代信息技术产业,1010299--其他固定资产贷款,1.0,,无,C3511--矿山机械制造,1809.89,2878.27
2026-06-30,900000000041,A00041,众联食品集团有限公司,2023122300014CV,123551140325-1,0400--可疑,0101--正常1,不良,正常,正常,2.0,中期,湖北省,公司流动贷款,2026-06-30,武汉分行,00120,武汉市城北支行,"0108001,0140001,420106,00120",00120,302--已生效终止下柜,2025-12-23,JB0436,2023-12-23,2026-02-21,2026-03-05,zxsq2023122300014DW,tz2023122300014N0,tz2023120600014DN,FXQYF611L50750835999323382723509873693219,XYED2023122300000014,xytz2023122300014R7,xyht2023122300014LJ,1--是,900000000041,01--融资人,tz2023122300014N0,FXQYF611L50750835999323382723509873693219,,,,14802D01,0--浮动值浮动,1--不分段计息,1--按季计息,公司流动资金贷款,10101--公司流动资金贷款,2002--组合债项,105030000,0800--循环贷续作,01--人民币,0101--分期等额本金,30101--住房抵押,M7340,M7340--医学研究和试验发展,10,113201,113201--普通中期贷款,企业法人,成长客户,潜力,120,420106--湖北省--武汉市--武昌区,B0101--私人相对控股,2024-02-01 12:57:52,2025-04-19 15:18:49,0008--主合同(企金合同),1001--传统企金业务模板,1,CRM,3,3-新材料产业,10101--公司流动资金贷款,1.0,星海产业集团有限公司,有,M7340--医学研究和试验发展,0.0,6958.96
2026-06-30,900000000024,A00024,瑞达商贸有限公司,202209170001531,682239568610-3,0101--正常1,0101--正常1,正常,正常,正常,5.0,中期,贵州省,公司固定贷款,2026-06-30,贵阳分行,00130,贵阳市中心支行,"0108001,0140001,520115,00130",00130,301--已生效待下柜,2027-09-17,JB5031,2022-09-17,2027-10-17,,zxsq2022091700015YY,tz2022091700015U0,tz2022090300015AT,FXQYF369L47785615031780117321983108990889,,,,1--是,900000000024,01--融资人,tz2022091700015U0,FXQYF369L47785615031780117321983108990889,,,,01700Y01,0--浮动值浮动,4--满月分段计息,1--按季计息,其他固定资产贷款,1010299--其他固定资产贷款,2002--组合债项,105029900,0100--正常申请,01--人民币,02--到期还款,30103--办公用房抵押,C1469,C1469--其他调味品、发酵制品制造,52,113201,113201--普通中期贷款,企业法人,成长客户,潜力,149,520115--贵州省--贵阳市--观山湖区,A0201--集体相对控股,2022-11-03 18:54:42,2025-05-15 11:44:03,0008--主合同(企金合同),1001--传统企金业务模板,1,CREDIT,0,0-不属于战略性新兴产业,1010299--其他固定资产贷款,1.0,新科产业集团有限公司,有,C1469--其他调味品、发酵制品制造,1050.86,2212.34
2026-06-30,900000000068,A00068,华盛商贸集团有限公司,2022050500016G1,455908333834-5,0102--正常2,0101--正常1,正常,正常,正常,3.0,中期,甘肃省,公司固定贷款,2026-06-30,兰州分行,00118,兰州市中心支行,"0108001,0140001,620102,00118",00118,302--已生效终止下柜,2025-05-05,JB6771,2022-05-05,2025-06-04,2025-06-14,zxsq2022050500016GN,tz2022050500016AK,tz20220428000164U,FXQYF370L11941110920996761712009449983449,,,,1--是,900000000068,01--融资人,tz2022050500016AK,FXQYF370L11941110920996761712009449983449,,,,01700Y01,0--浮动值浮动,4--满月分段计息,3--利随本清,其他固定资产贷款,1010299--其他固定资产贷款,2001--单一债项,105029900,0301--重组-借新还旧（变更主体）,14--美元,02--到期还款,40904--商业承兑汇票质押,E4790,E4790--其他房屋建筑业,46,113201,113201--普通中期贷款,企业法人,风险客户,风险,149,620102--甘肃省--兰州市--城关区,A0102--国有绝对控股,2022-07-28 15:33:22,2025-12-24 17:20:45,0008--主合同(企金合同),1001--传统企金业务模板,1,CRM,0,0-不属于战略性新兴产业,1010299--其他固定资产贷款,6.99925606,,无,E4790--其他房屋建筑业,0.0,2330.67
2026-06-30,900000000055,A00055,宏泰能源股份有限公司,20240617000177P,936889729616-6,0103--正常3,0102--正常2,正常,正常,正常,2.0,中期,云南省,公司固定贷款,2026-06-30,昆明分行,00120,昆明市城北支行,"0108001,0140001,530103,00120",00120,301--已生效待下柜,2026-06-17,JB0519,2024-06-17,2026-08-16,,zxsq2024061700017YJ,tz20240617000176Y,tz202406110001772,FXQYF911L80304847501652057283052799118950,,,,1--是,900000000055,01--融资人,tz20240617000176Y,FXQYF911L80304847501652057283052799118950,,,,01700Y05,0--浮动值浮动,5--满季分段计息,1--按季计息,公司厂房按揭贷款,1010305--公司厂房按揭贷款,2001--单一债项,105030500,0700--连连贷,01--人民币,03--分期还款（不规则期限还款）,41003--非上市公司股权质押,C3849,C3849--其他电池制造,06,113201,113201--普通中期贷款,企业法人,重点客户,价值,174,530103--云南省--昆明市--盘龙区,B0101--私人相对控股,2024-06-18 10:51:11,2025-01-05 14:29:47,0008--主合同(企金合同),1001--传统企金业务模板,1,CRM,0,0-不属于战略性新兴产业,1010305--公司厂房按揭贷款,1.0,宏泰产业集团有限公司,有,C3849--其他电池制造,2668.06,4839.66
2026-06-30,900000000092,A00092,华盛物流有限公司,2025111800018J1,872444966194-2,0103--正常3,0101--正常1,正常,正常,正常,3.0,中期,甘肃省,公司固定贷款,2026-06-30,兰州分行,00120,兰州市高新支行,"0108001,0140001,620102,00120",00120,301--已生效待下柜,2028-11-18,JB7845,2025-11-18,2028-12-18,,zxsq20251118000186W,tz2025111800018BQ,tz2025111300018CP,FXQYF053L95025531917597188889989852055213,,,,1--是,900000000092,01--融资人,tz2025111800018BQ,FXQYF053L95025531917597188889989852055213,,,,01700Y01,0--浮动值浮动,1--不分段计息,0--按月计息,公司住房开发贷款,1010201--公司住房开发贷款,2002--组合债项,105020100,0100--正常申请,01--人民币,02--到期还款,306--在建工程,E5011,E5011--公共建筑装饰和装修,97,113202,113202--中期住房开发贷款,企业法人,风险客户,风险,171,620102--甘肃省--兰州市--城关区,A0102--国有绝对控股,2025-12-10 10:09:19,2026-02-23 13:03:09,0008--主合同(企金合同),1001--传统企金业务模板,1,CRM,0,0-不属于战略性新兴产业,1010201--公司住房开发贷款,1.0,,无,E5011--公共建筑装饰和装修,1632.43,2026.46
2026-06-30,900000000042,A00042,远景制造集团有限公司,2023050300019R8,620557150782-5,0101--正常1,0103--正常3,正常,正常,正常,1.0,短期,云南省,公司流动贷款,2026-06-30,昆明分行,00122,昆明市高新支行,"0108001,0140001,530103,00122",00122,301--已生效待下柜,2024-05-03,JB6656,2023-05-03,2024-05-03,,zxsq2023050300019TH,tz20230503000197P,tz2023042000019LO,FXQYF081L18997699183853836382984313832131,XYED2023050300000019,xytz2023050300019A9,xyht2023050300019FI,1--是,900000000042,01--融资人,tz20230503000197P,FXQYF081L18997699183853836382984313832131,,,,01700Y05,0--浮动值浮动,5--满季分段计息,1--按季计息,流动资金额度循环贷款,10107--流动资金额度循环贷款,2002--组合债项,105070000,0100--正常申请,01--人民币,0101--分期等额本金,30201--商业用地土地使用权抵押,F5165,F5165--建材批发,02,113101,113101--普通短期贷款,企业法人,成长客户,潜力,120,530103--云南省--昆明市--盘龙区,B0202--港澳台绝对控股,2023-07-15 15:53:49,2025-08-03 17:04:40,0008--主合同(企金合同),1001--传统企金业务模板,1,LOAN_CORE,0,0-不属于战略性新兴产业,10107--流动资金额度循环贷款,1.0,,无,F5165--建材批发,2786.93,8319.2
2026-06-30,900000000009,A00009,嘉禾电子集团有限公司,2024011900020Q9,893938884907-1,0101--正常1,0101--正常1,正常,正常,正常,5.0,中期,内蒙古自治区,公司固定贷款,2026-06-30,呼和浩特分行,00122,呼和浩特市城北支行,"0108001,0140001,150102,00122",00122,301--已生效待下柜,2029-01-19,JB3584,2024-01-19,2029-01-19,,zxsq2024011900020MQ,tz2024011900020OT,tz2024010300020Z8,FXQYF648L63388781351618758290419103096376,XYED2024011900000020,xytz2024011900020L7,xyht2024011900020UQ,1--是,900000000009,01--融资人,tz2024011900020OT,FXQYF648L63388781351618758290419103096376,,,,01700Y05,0--浮动值浮动,5--满季分段计息,0--按月计息,公司住房开发贷款,1010201--公司住房开发贷款,2001--单一债项,105020100,0800--循环贷续作,01--人民币,02--到期还款,41302--收费权质押,C1469,C1469--其他调味品、发酵制品制造,12,113202,113202--中期住房开发贷款,企业法人,基础客户,长尾,159,150102--内蒙古自治区--呼和浩特市--新城区,B0202--港澳台绝对控股,2024-03-06 09:58:02,2025-07-09 18:22:42,0008--主合同(企金合同),1001--传统企金业务模板,1,LOAN_CORE,0,0-不属于战略性新兴产业,1010201--公司住房开发贷款,1.0,众联产业集团有限公司,有,C1469--其他调味品、发酵制品制造,1677.72,2535.59
2026-06-30,900000000024,A00024,瑞达商贸有限公司,2025122700021T9,766323146781-3,0102--正常2,0101--正常1,正常,正常,正常,0.5,短期,贵州省,公司流动贷款,2026-06-30,贵阳分行,00136,贵阳市中心支行,"0108001,0140001,520115,00136",00136,302--已生效终止下柜,2026-06-27,JB0132,2025-12-27,2026-06-27,2026-07-09,zxsq2025122700021CU,tz2025122700021G7,tz20251225000219O,FXQYF258L00985884761562377083199868149733,,,,1--是,900000000024,01--融资人,tz2025122700021G7,FXQYF258L00985884761562377083199868149733,,,,01700Y05,0--浮动值浮动,1--不分段计息,1--按季计息,公司结算帐户透支,1010401--公司结算帐户透支,2001--单一债项,105040100,0100--正常申请,14--美元,02--到期还款,30102--商业用房抵押,C1469,C1469--其他调味品、发酵制品制造,76,125110,125110--单位结算账户透支,企业法人,成长客户,潜力,149,520115--贵州省--贵阳市--观山湖区,B0201--港澳台相对控股,2026-03-27 10:08:07,2026-05-28 14:51:09,0008--主合同(企金合同),1001--传统企金业务模板,1,LOAN_CORE,0,0-不属于战略性新兴产业,1010401--公司结算帐户透支,6.9103591235,新科产业集团有限公司,有,C1469--其他调味品、发酵制品制造,0.0,6031.82
2026-06-30,900000000078,A00078,华盛材料集团有限公司,2022061400022N5,397269084579-2,0101--正常1,0101--正常1,正常,正常,正常,3.0,中期,云南省,公司固定贷款,2026-06-30,昆明分行,00125,昆明市营业部,"0108001,0140001,530103,00125",00125,302--已生效终止下柜,2025-06-14,JB6817,2022-06-14,2025-06-14,2025-06-16,zxsq20220614000223T,tz20220614000221G,tz20220612000225Q,FXQYF703L43830336282468387840497210193438,,,,1--是,900000000078,01--融资人,tz20220614000221G,FXQYF703L43830336282468387840497210193438,,,,14802D01,0--浮动值浮动,1--不分段计息,0--按月计息,公司住房开发贷款,1010201--公司住房开发贷款,2002--组合债项,105020100,0100--正常申请,01--人民币,0102--分期等额本息,30201--商业用地土地使用权抵押,F5111,F5111--谷物、豆及薯类批发,97,113202,113202--中期住房开发贷款,企业法人,重点客户,价值,190,530103--云南省--昆明市--盘龙区,A0201--集体相对控股,2022-08-03 14:36:57,2025-05-17 11:17:25,0008--主合同(企金合同),1001--传统企金业务模板,1,CREDIT,2,2-高端装备制造产业,1010201--公司住房开发贷款,1.0,,无,F5111--谷物、豆及薯类批发,0.0,749.94
2026-06-30,900000000026,A00026,星海软件有限公司,2022012600023ZZ,141335083567-8,0300--次级,0101--正常1,不良,正常,正常,2.0,中期,山东省,公司流动贷款,2026-06-30,济南分行,00125,济南市营业部,"0108001,0140001,370102,00125",00125,302--已生效终止下柜,2024-01-26,JB6529,2022-01-26,2024-02-25,2024-03-04,zxsq2022012600023VJ,tz20220126000231G,tz2022010700023H4,FXQYF869L07902719503059662239512858146945,,,,1--是,900000000026,01--融资人,tz20220126000231G,FXQYF869L07902719503059662239512858146945,,,,01700Y05,0--浮动值浮动,4--满月分段计息,3--利随本清,公司流动资金贷款,10101--公司流动资金贷款,2001--单一债项,105030000,0100--正常申请,01--人民币,02--到期还款,306--在建工程,C3872,C3872--照明灯具制造,50,113201,113201--普通中期贷款,企业法人,风险客户,风险,120,370102--山东省--济南市--历下区,B0302--外商绝对控股,2022-03-31 14:46:58,2025-04-13 11:43:35,0008--主合同(企金合同),1001--传统企金业务模板,1,CREDIT,0,0-不属于战略性新兴产业,10101--公司流动资金贷款,1.0,,无,C3872--照明灯具制造,0.0,418.71
2026-06-30,900000000093,A00093,嘉禾物流股份有限公司,20230909000246N,645941653793-5,0101--正常1,0101--正常1,正常,正常,正常,1.0,短期,云南省,公司流动贷款,2026-06-30,昆明分行,00127,昆明市城北支行,"0108001,0140001,530103,00127",00127,301--已生效待下柜,2024-09-09,JB5413,2023-09-09,2024-10-09,,zxsq2023090900024T0,tz2023090900024LX,tz20230822000242F,FXQYF111L87268403124771998657458261722752,XYED2023090900000024,xytz2023090900024FL,xyht2023090900024KQ,1--是,900000000093,01--融资人,tz2023090900024LX,FXQYF111L87268403124771998657458261722752,DSFED2023090900000024,dstz2023090900024VK,900000000036,14802D01,0--浮动值浮动,4--满月分段计息,9--满季计息,公司结算帐户透支,1010401--公司结算帐户透支,2002--组合债项,105040100,0302--重组-借新还旧（不变更主体）,01--人民币,0101--分期等额本金,40904--商业承兑汇票质押,F5175,F5175--电气设备批发,58,125110,125110--单位结算账户透支,企业法人,基础客户,长尾,149,530103--云南省--昆明市--盘龙区,A0102--国有绝对控股,2023-09-09 14:08:17,2026-05-03 17:50:01,0008--主合同(企金合同),1001--传统企金业务模板,1,LOAN_CORE,3,3-新材料产业,1010401--公司结算帐户透支,1.0,,无,F5175--电气设备批发,25.9,518.03
2026-06-30,900000000002,A00002,启航制造集团有限公司,2025072100025CC,541519077616-5,0101--正常1,0103--正常3,正常,正常,正常,5.0,中期,山东省,公司固定贷款,2026-06-30,青岛分行,00227,青岛市高新支行,"0108001,0140001,370202,00227",00227,301--已生效待下柜,2030-07-21,JB9248,2025-07-21,2030-09-19,,zxsq2025072100025QK,tz2025072100025B3,tz20250711000252Y,FXQYF070L71868775786966920771017851131875,,,,1--是,900000000002,01--融资人,tz2025072100025B3,FXQYF070L71868775786966920771017851131875,,,,01700Y05,0--浮动值浮动,1--不分段计息,1--按季计息,公司住房开发贷款,1010201--公司住房开发贷款,2001--单一债项,105020100,0301--重组-借新还旧（变更主体）,01--人民币,0101--分期等额本金,30299--其他土地使用权抵押,F5213,F5213--便利店零售,67,113202,113202--中期住房开发贷款,企业法人,重点客户,价值,141,370202--山东省--青岛市--市南区,B0102--私人绝对控股,2025-10-05 08:59:15,2025-10-24 16:50:19,0008--主合同(企金合同),1001--传统企金业务模板,1,CRM,1,1-新一代信息技术产业,1010201--公司住房开发贷款,1.0,启航产业集团有限公司,有,F5213--便利店零售,5328.96,6525.26
2026-06-30,900000000028,A00028,众联制造有限公司,2022030400026NK,736507250951-9,0103--正常3,0102--正常2,正常,正常,正常,3.0,中期,河北省,公司流动贷款,2026-06-30,石家庄分行,00128,石家庄市城南支行,"0108001,0140001,130102,00128",00128,301--已生效待下柜,2025-03-04,JB2857,2022-03-04,2025-03-04,,zxsq2022030400026JN,tz20220304000262W,tz2022030200026ZO,FXQYF744L04583288590745430750637793639757,XYED2022030400000026,xytz2022030400026J5,xyht2022030400026P4,1--是,900000000028,01--融资人,tz20220304000262W,FXQYF744L04583288590745430750637793639757,,,,01700Y05,0--浮动值浮动,1--不分段计息,0--按月计息,流动资金额度循环贷款,10107--流动资金额度循环贷款,2001--单一债项,105070000,0100--正常申请,01--人民币,02--到期还款,203--专业担保公司保证,F5274,F5274--通信设备零售,86,113201,113201--普通中期贷款,企业法人,成长客户,潜力,171,130102--河北省--石家庄市--长安区,B0101--私人相对控股,2022-04-20 16:56:27,2026-01-11 11:37:26,0008--主合同(企金合同),1001--传统企金业务模板,1,CRM,5,5-新能源汽车产业,10107--流动资金额度循环贷款,1.0,,无,F5274--通信设备零售,74.08,1481.52
2026-06-30,900000000010,A00010,华盛机械集团有限公司,2022022400027VD,649891643271-9,0102--正常2,0102--正常2,正常,正常,正常,3.0,中期,黑龙江省,公司固定贷款,2026-06-30,哈尔滨分行,00130,哈尔滨市城南支行,"0108001,0140001,230103,00130",00130,301--已生效待下柜,2025-02-24,JB4408,2022-02-24,2025-02-24,,zxsq202202240002722,tz20220224000276W,tz2022022000027N7,FXQYF526L16695547828973716549947364615292,,,,1--是,900000000010,01--融资人,tz20220224000276W,FXQYF526L16695547828973716549947364615292,,,,01700Y05,0--浮动值浮动,1--不分段计息,9--满季计息,并购贷款,10106--并购贷款,2001--单一债项,105060000,0100--正常申请,01--人民币,0101--分期等额本金,41003--非上市公司股权质押,C2412,C2412--笔的制造,10,113201,113201--普通中期贷款,企业法人,基础客户,长尾,171,230103--黑龙江省--哈尔滨市--南岗区,B0202--港澳台绝对控股,2022-03-06 12:47:13,2025-01-25 14:56:07,0008--主合同(企金合同),1001--传统企金业务模板,1,CREDIT,0,0-不属于战略性新兴产业,10106--并购贷款,1.0,,无,C2412--笔的制造,45.0,900.0
2026-06-30,900000000100,A00100,华盛软件有限公司,20220916000289A,726267382705-1,0201--关注1,0101--正常1,关注,正常,正常,1.0,短期,江苏省,公司流动贷款,2026-06-30,南京分行,00134,南京市城南支行,"0108001,0140001,320106,00134",00134,302--已生效终止下柜,2023-09-16,JB6360,2022-09-16,2023-10-16,2023-10-29,zxsq2022091600028OV,tz2022091600028VL,tz20220913000282N,FXQYF745L67216940637205298623582182536907,XYED2022091600000028,xytz2022091600028TG,xyht20220916000286F,1--是,900000000100,01--融资人,tz2022091600028VL,FXQYF745L67216940637205298623582182536907,,,,01700Y05,0--浮动值浮动,5--满季分段计息,0--按月计息,公司结算帐户透支,1010401--公司结算帐户透支,2001--单一债项,105040100,0100--正常申请,01--人民币,03--分期还款（不规则期限还款）,203--专业担保公司保证,M7340,M7340--医学研究和试验发展,41,125110,125110--单位结算账户透支,企业法人,成长客户,潜力,110,320106--江苏省--南京市--鼓楼区,A0201--集体相对控股,2022-11-16 18:06:02,2025-11-23 14:24:00,0008--主合同(企金合同),1001--传统企金业务模板,1,CRM,0,0-不属于战略性新兴产业,1010401--公司结算帐户透支,1.0,,无,M7340--医学研究和试验发展,0.0,1235.83
2026-06-30,900000000072,A00072,鼎盛商贸有限公司,2025010700029WY,875600931725-6,0102--正常2,0101--正常1,正常,正常,正常,2.0,中期,江苏省,公司固定贷款,2026-06-30,苏州分行,00537,苏州市营业部,"0108001,0140001,320508,00537",00537,301--已生效待下柜,2027-01-07,JB0636,2025-01-07,2027-01-07,,zxsq20250107000291Y,tz2025010700029ZM,tz20250104000297B,FXQYF890L99916733589315756891571926182107,,,,1--是,900000000072,01--融资人,tz2025010700029ZM,FXQYF890L99916733589315756891571926182107,,,,14802D01,0--浮动值浮动,5--满季分段计息,4--手工计息,公司厂房按揭贷款,1010305--公司厂房按揭贷款,2001--单一债项,105030500,0700--连连贷,01--人民币,0102--分期等额本息,201--公司法人保证,C2720,C2720--化学药品制剂制造,41,113201,113201--普通中期贷款,企业法人,基础客户,长尾,130,320508--江苏省--苏州市--姑苏区,B0301--外商相对控股,2025-01-20 12:42:45,2025-06-09 09:24:27,0008--主合同(企金合同),1001--传统企金业务模板,1,CRM,0,0-不属于战略性新兴产业,1010305--公司厂房按揭贷款,1.0,,无,C2720--化学药品制剂制造,245.42,841.44
2026-06-30,900000000012,A00012,众联科技有限公司,20251119000308Z,862566080541-7,0101--正常1,0103--正常3,正常,正常,正常,2.0,中期,青海省,公司固定贷款,2026-06-30,西宁分行,00134,西宁市高新支行,"0108001,0140001,630104,00134",00134,301--已生效待下柜,2027-11-19,JB6595,2025-11-19,2027-11-19,,zxsq2025111900030T1,tz20251119000309S,tz2025111300030FU,FXQYF627L72032611088416400810612772807870,,,,1--是,900000000012,01--融资人,tz20251119000309S,FXQYF627L72032611088416400810612772807870,,,,01700Y05,0--浮动值浮动,5--满季分段计息,3--利随本清,并购贷款,10106--并购贷款,2001--单一债项,105060000,0100--正常申请,01--人民币,0101--分期等额本金,41302--收费权质押,C2770,C2770--卫生材料及医药用品制造,03,113201,113201--普通中期贷款,企业法人,重点客户,价值,120,630104--青海省--西宁市--城西区,B0101--私人相对控股,2026-02-16 11:08:57,2026-03-01 13:24:18,0008--主合同(企金合同),1001--传统企金业务模板,1,CREDIT,0,0-不属于战略性新兴产业,10106--并购贷款,1.0,宏泰产业集团有限公司,有,C2770--卫生材料及医药用品制造,1066.01,1504.96
2026-06-30,900000000045,A00045,星海医药有限公司,20230616000319U,449229500540-2,0101--正常1,0103--正常3,正常,正常,正常,5.0,中期,青海省,公司固定贷款,2026-06-30,西宁分行,00135,西宁市高新支行,"0108001,0140001,630104,00135",00135,301--已生效待下柜,2028-06-16,JB4235,2023-06-16,2028-06-16,,zxsq2023061600031G0,tz2023061600031U5,tz2023052700031BD,FXQYF738L60468081664283027434530032330396,,,,1--是,900000000045,01--融资人,tz2023061600031U5,FXQYF738L60468081664283027434530032330396,,,,01700Y01,0--浮动值浮动,1--不分段计息,1--按季计息,工业厂房开发贷款,1010208--工业厂房开发贷款,2001--单一债项,105020800,0700--连连贷,01--人民币,02--到期还款,202--自然人保证,I6531,I6531--信息系统集成服务,17,113201,113201--普通中期贷款,企业法人,基础客户,长尾,190,630104--青海省--西宁市--城西区,A0102--国有绝对控股,2023-09-06 09:12:31,2025-11-19 13:21:00,0008--主合同(企金合同),1001--传统企金业务模板,1,CREDIT,0,0-不属于战略性新兴产业,1010208--工业厂房开发贷款,1.0,,无,I6531--信息系统集成服务,188.94,472.34
2026-06-30,900000000025,A00025,卓越物流有限公司,2022091500032BG,451078222147-3,0102--正常2,0203--关注3,正常,关注,关注,3.0,中期,内蒙古自治区,公司固定贷款,2026-06-30,呼和浩特分行,00134,呼和浩特市营业部,"0108001,0140001,150102,00134",00134,301--已生效待下柜,2025-09-15,JB3353,2022-09-15,2025-09-15,,zxsq2022091500032C0,tz2022091500032E1,tz2022090100032LA,FXQYF596L88132485563801881869648465461764,,,,1--是,900000000025,01--融资人,tz2022091500032E1,FXQYF596L88132485563801881869648465461764,,,,01700Y01,0--浮动值浮动,7--满年分段计息,4--手工计息,项目贷款,1010203--项目贷款,2001--单一债项,105020300,0301--重组-借新还旧（变更主体）,01--人民币,02--到期还款,40102--定期保证金,F5133,F5133--鞋帽批发,55,113201,113201--普通中期贷款,企业法人,成长客户,潜力,190,150102--内蒙古自治区--呼和浩特市--新城区,A0101--国有相对控股,2022-10-12 13:21:23,2025-07-01 11:22:07,0008--主合同(企金合同),1001--传统企金业务模板,1,CRM,0,0-不属于战略性新兴产业,1010203--项目贷款,1.0,,无,F5133--鞋帽批发,2328.74,2616.89
2026-06-30,900000000016,A00016,宏泰建设集团有限公司,20260212000339P,676973628676-9,0102--正常2,0101--正常1,正常,正常,正常,10.0,长期,山东省,公司固定贷款,2026-06-30,济南分行,00135,济南市营业部,"0108001,0140001,370102,00135",00135,301--已生效待下柜,2036-02-12,JB4631,2026-02-12,2036-02-12,,zxsq2026021200033W9,tz2026021200033TV,tz2026020800033YZ,FXQYF082L31757005123314564455571203335753,,,,1--是,900000000016,01--融资人,tz2026021200033TV,FXQYF082L31757005123314564455571203335753,,,,01700Y01,0--浮动值浮动,5--满季分段计息,2--按年计息,项目贷款,1010203--项目贷款,2001--单一债项,105020300,0100--正常申请,01--人民币,02--到期还款,203--专业担保公司保证,F5162,F5162--石油及制品批发,20,113301,113301--普通长期贷款,企业法人,重点客户,价值,110,370102--山东省--济南市--历下区,B0302--外商绝对控股,2026-02-21 18:53:18,2026-04-09 09:46:36,0008--主合同(企金合同),1001--传统企金业务模板,1,CRM,0,0-不属于战略性新兴产业,1010203--项目贷款,1.0,,无,F5162--石油及制品批发,2097.93,2170.27
2026-06-30,900000000054,A00054,星海建设股份有限公司,2022061400034BA,795196998309-3,0201--关注1,0101--正常1,关注,正常,正常,2.0,中期,安徽省,公司流动贷款,2026-06-30,合肥分行,00138,合肥市城北支行,"0108001,0140001,340104,00138",00138,302--已生效终止下柜,2024-06-14,JB8310,2022-06-14,2024-06-14,2024-06-18,zxsq202206140003496,tz20220614000348N,tz20220530000344P,FXQYF719L63239129143512252341003113579115,XYED2022061400000034,xytz2022061400034CX,xyht20220614000348F,1--是,900000000054,01--融资人,tz20220614000348N,FXQYF719L63239129143512252341003113579115,DSFED2022061400000034,dstz2022061400034XL,900000000091,01700Y01,0--浮动值浮动,1--不分段计息,3--利随本清,流动资金额度循环贷款,10107--流动资金额度循环贷款,2001--单一债项,105070000,0100--正常申请,01--人民币,02--到期还款,306--在建工程,C3744,C3744--航空相关设备制造,89,113201,113201--普通中期贷款,企业法人,成长客户,潜力,110,340104--安徽省--合肥市--蜀山区,A0101--国有相对控股,2022-07-11 11:16:35,2025-06-27 09:08:43,0008--主合同(企金合同),1001--传统企金业务模板,1,CRM,0,0-不属于战略性新兴产业,10107--流动资金额度循环贷款,1.0,,无,C3744--航空相关设备制造,0.0,890.67
2026-06-30,900000000075,A00075,嘉禾食品股份有限公司,2026041000035SS,966643957503-6,0400--可疑,0201--关注1,不良,关注,关注,3.0,中期,吉林省,公司流动贷款,2026-06-30,长春分行,00137,长春市城北支行,"0108001,0140001,220102,00137",00137,301--已生效待下柜,2029-04-10,JB1839,2026-04-10,2029-04-10,,zxsq2026041000035QL,tz20260410000355S,tz2026032600035PZ,FXQYF776L73697497494318717994929406526133,,,,1--是,900000000075,01--融资人,tz20260410000355S,FXQYF776L73697497494318717994929406526133,,,,01700Y05,0--浮动值浮动,1--不分段计息,4--手工计息,流动资金额度循环贷款,10107--流动资金额度循环贷款,2001--单一债项,105070000,0100--正常申请,01--人民币,03--分期还款（不规则期限还款）,41003--非上市公司股权质押,N7861,N7861--名胜风景区管理,62,113201,113201--普通中期贷款,企业法人,风险客户,风险,149,220102--吉林省--长春市--南关区,B0101--私人相对控股,2026-04-10 15:01:30,2026-05-26 11:19:09,0008--主合同(企金合同),1001--传统企金业务模板,1,CREDIT,1,1-新一代信息技术产业,10107--流动资金额度循环贷款,1.0,,无,N7861--名胜风景区管理,8090.05,8565.93
2026-06-30,900000000016,A00016,宏泰建设集团有限公司,20241124000361H,232591341175-9,0103--正常3,0101--正常1,正常,正常,正常,7.0,长期,山东省,公司固定贷款,2026-06-30,济南分行,00138,济南市营业部,"0108001,0140001,370102,00138",00138,301--已生效待下柜,2031-11-24,JB6474,2024-11-24,2031-11-24,,zxsq2024112400036SV,tz2024112400036J5,tz20241111000369T,FXQYF099L20854532716428163650282095272783,,,,1--是,900000000016,01--融资人,tz2024112400036J5,FXQYF099L20854532716428163650282095272783,,,,01700Y05,0--浮动值浮动,4--满月分段计息,4--手工计息,项目贷款,1010203--项目贷款,2002--组合债项,105020300,0100--正常申请,01--人民币,0102--分期等额本息,306--在建工程,F5162,F5162--石油及制品批发,37,113301,113301--普通长期贷款,企业法人,重点客户,价值,141,370102--山东省--济南市--历下区,A0201--集体相对控股,2024-12-02 12:41:17,2025-02-04 16:55:38,0008--主合同(企金合同),1001--传统企金业务模板,1,LOAN_CORE,3,3-新材料产业,1010203--项目贷款,1.0,,无,F5162--石油及制品批发,18213.73,21640.07
2026-06-30,900000000057,A00057,远景科技集团有限公司,2024032200037XA,163275908534-4,0101--正常1,0103--正常3,正常,正常,正常,3.0,中期,上海市,公司固定贷款,2026-06-30,上海分行,00152,上海市营业部,"0108001,0140001,310115,00152",00152,301--已生效待下柜,2027-03-22,JB8924,2024-03-22,2027-04-21,,zxsq2024032200037PR,tz2024032200037UJ,tz2024032100037PF,FXQYF861L10137531783842640521752118514377,,,,1--是,900000000057,01--融资人,tz2024032200037UJ,FXQYF861L10137531783842640521752118514377,,,,01700Y05,0--浮动值浮动,1--不分段计息,2--按年计息,工业厂房开发贷款,1010208--工业厂房开发贷款,2001--单一债项,105020800,0800--循环贷续作,01--人民币,0101--分期等额本金,101--一般信用,M7459,M7459--其他质检技术服务,63,113201,113201--普通中期贷款,政府机构,重点客户,价值,149,310115--上海市--上海市--浦东新区,B0102--私人绝对控股,2024-06-09 13:44:31,2025-07-25 16:29:33,0008--主合同(企金合同),1001--传统企金业务模板,1,CRM,0,0-不属于战略性新兴产业,1010208--工业厂房开发贷款,1.0,,无,M7459--其他质检技术服务,1953.8,4113.27
2026-06-30,900000000007,A00007,中恒材料有限公司,2024112300038W1,515912094289-8,0102--正常2,0203--关注3,正常,关注,关注,10.0,长期,福建省,公司固定贷款,2026-06-30,泉州分行,00541,泉州市高新支行,"0108001,0140001,350503,00541",00541,301--已生效待下柜,2034-11-23,JB8910,2024-11-23,2034-11-23,,zxsq2024112300038BP,tz2024112300038S3,tz2024111800038X8,FXQYF288L85309725905292136303922096533511,,,,1--是,900000000007,01--融资人,tz2024112300038S3,FXQYF288L85309725905292136303922096533511,,,,01700Y05,0--浮动值浮动,4--满月分段计息,1--按季计息,公司商用房按揭贷款,1010302--公司商用房按揭贷款,2002--组合债项,105030200,0100--正常申请,01--人民币,02--到期还款,40101--活期保证金,C3872,C3872--照明灯具制造,50,113301,113301--普通长期贷款,企业法人,重点客户,价值,110,350503--福建省--泉州市--丰泽区,B0301--外商相对控股,2025-01-23 13:44:23,2026-06-26 17:35:35,0008--主合同(企金合同),1001--传统企金业务模板,1,CREDIT,0,0-不属于战略性新兴产业,1010302--公司商用房按揭贷款,1.0,,无,C3872--照明灯具制造,3175.06,3772.35
2026-06-30,900000000063,A00063,星海医药股份有限公司,2023052500039OP,359540987754-6,0103--正常3,0203--关注3,正常,关注,关注,10.0,长期,山东省,公司固定贷款,2026-06-30,济南分行,00141,济南市营业部,"0108001,0140001,370102,00141",00141,301--已生效待下柜,2033-05-25,JB4308,2023-05-25,2033-06-24,,zxsq2023052500039NA,tz202305250003975,tz2023052100039GR,FXQYF424L60103234147117314181271835827300,XYED2023052500000039,xytz20230525000399H,xyht2023052500039MZ,1--是,900000000063,01--融资人,tz202305250003975,FXQYF424L60103234147117314181271835827300,,,,14802D01,0--浮动值浮动,5--满季分段计息,3--利随本清,其他固定资产贷款,1010299--其他固定资产贷款,2001--单一债项,105029900,0100--正常申请,01--人民币,02--到期还款,41699--其他应收账款质押,C3514,C3514--建筑工程用机械制造,26,113301,113301--普通长期贷款,企业法人,重点客户,价值,174,370102--山东省--济南市--历下区,B0102--私人绝对控股,2023-07-19 17:44:55,2025-10-15 14:00:39,0008--主合同(企金合同),1001--传统企金业务模板,1,CREDIT,0,0-不属于战略性新兴产业,1010299--其他固定资产贷款,1.0,,无,C3514--建筑工程用机械制造,864.03,1010.26
2026-06-30,900000000006,A00006,卓越材料股份有限公司,2025052300040OK,923376877583-8,0400--可疑,0101--正常1,不良,正常,正常,3.0,中期,甘肃省,公司固定贷款,2026-06-30,兰州分行,00142,兰州市城北支行,"0108001,0140001,620102,00142",00142,301--已生效待下柜,2028-05-23,JB7723,2025-05-23,2028-05-23,,zxsq2025052300040PS,tz2025052300040KR,tz2025050800040MX,FXQYF119L54040088101687128686016919805178,,,,1--是,900000000006,01--融资人,tz2025052300040KR,FXQYF119L54040088101687128686016919805178,DSFED2025052300000040,dstz20250523000404N,900000000100,14802D01,0--浮动值浮动,1--不分段计息,9--满季计息,公司住房开发贷款,1010201--公司住房开发贷款,2002--组合债项,105020100,0100--正常申请,01--人民币,0102--分期等额本息,306--在建工程,M7590,M7590--其他科技推广服务业,61,113202,113202--中期住房开发贷款,企业法人,基础客户,长尾,141,620102--甘肃省--兰州市--城关区,B0101--私人相对控股,2025-07-09 18:55:33,2025-08-26 17:26:04,0008--主合同(企金合同),1001--传统企金业务模板,1,CREDIT,0,0-不属于战略性新兴产业,1010201--公司住房开发贷款,1.0,瑞达产业集团有限公司,有,M7590--其他科技推广服务业,1931.17,3022.7
2026-06-30,900000000007,A00007,中恒材料有限公司,202502250004196,782302018083-4,0101--正常1,0101--正常1,正常,正常,正常,3.0,中期,福建省,公司固定贷款,2026-06-30,泉州分行,00544,泉州市中心支行,"0108001,0140001,350503,00544",00544,301--已生效待下柜,2028-02-25,JB9088,2025-02-25,2028-02-25,,zxsq2025022500041QW,tz2025022500041GP,tz2025021200041D8,FXQYF817L91266089236743273277082799758573,XYED2025022500000041,xytz2025022500041E5,xyht2025022500041Y4,1--是,900000000007,01--融资人,tz2025022500041GP,FXQYF817L91266089236743273277082799758573,,,,14802D01,0--浮动值浮动,1--不分段计息,9--满季计息,银团贷款,10108--银团贷款,2001--单一债项,105080000,0100--正常申请,01--人民币,03--分期还款（不规则期限还款）,202--自然人保证,C3872,C3872--照明灯具制造,99,113501,113501--银团贷款出资额,企业法人,基础客户,长尾,171,350503--福建省--泉州市--丰泽区,B0202--港澳台绝对控股,2025-05-08 10:04:32,2025-05-22 10:06:21,0008--主合同(企金合同),1001--传统企金业务模板,1,LOAN_CORE,5,5-新能源汽车产业,10108--银团贷款,1.0,,无,C3872--照明灯具制造,3252.67,5854.8
2026-06-30,900000000069,A00069,中恒能源股份有限公司,2024030800042VB,717917687281-7,0201--关注1,0102--正常2,关注,正常,正常,3.0,中期,贵州省,公司流动贷款,2026-06-30,贵阳分行,00157,贵阳市营业部,"0108001,0140001,520115,00157",00157,301--已生效待下柜,2027-03-08,JB2008,2024-03-08,2027-05-07,,zxsq2024030800042S2,tz2024030800042FC,tz20240303000427O,FXQYF748L91601488262530693679471363125673,XYED2024030800000042,xytz2024030800042X9,xyht20240308000429E,1--是,900000000069,01--融资人,tz2024030800042FC,FXQYF748L91601488262530693679471363125673,,,,14802D01,0--浮动值浮动,5--满季分段计息,1--按季计息,公司流动资金贷款,10101--公司流动资金贷款,2001--单一债项,105030000,0800--循环贷续作,01--人民币,0101--分期等额本金,306--在建工程,I6490,I6490--其他互联网服务,15,113201,113201--普通中期贷款,企业法人,重点客户,价值,171,520115--贵州省--贵阳市--观山湖区,B0102--私人绝对控股,2024-03-08 09:58:21,2025-12-10 18:39:17,0008--主合同(企金合同),1001--传统企金业务模板,1,LOAN_CORE,3,3-新材料产业,10101--公司流动资金贷款,1.0,华盛产业集团有限公司,有,I6490--其他互联网服务,444.98,1779.91
2026-06-30,900000000005,A00005,新科材料集团有限公司,2022112100043BF,860390663074-2,0203--关注3,0101--正常1,关注,正常,正常,0.5,短期,重庆市,公司流动贷款,2026-06-30,重庆分行,00146,重庆市城北支行,"0108001,0140001,500103,00146",00146,301--已生效待下柜,2023-05-21,JB2249,2022-11-21,2023-05-21,,zxsq2022112100043DQ,tz2022112100043J2,tz2022110500043DL,FXQYF790L21870079845169790608014028836759,,,,1--是,900000000005,01--融资人,tz2022112100043J2,FXQYF790L21870079845169790608014028836759,,,,01700Y05,0--浮动值浮动,1--不分段计息,3--利随本清,公司结算帐户透支,1010401--公司结算帐户透支,2001--单一债项,105040100,0100--正常申请,14--美元,0101--分期等额本金,30101--住房抵押,C3569,C3569--其他电子专用设备制造,63,125110,125110--单位结算账户透支,企业法人,风险客户,风险,159,500103--重庆市--重庆市--渝中区,B0301--外商相对控股,2022-12-15 18:04:18,2025-01-28 17:46:58,0008--主合同(企金合同),1001--传统企金业务模板,1,LOAN_CORE,0,0-不属于战略性新兴产业,1010401--公司结算帐户透支,6.9411084,众联产业集团有限公司,有,C3569--其他电子专用设备制造,77.71,1554.14
2026-06-30,900000000068,A00068,华盛商贸集团有限公司,2024021700044WH,683378093580-3,0102--正常2,0102--正常2,正常,正常,正常,5.0,中期,甘肃省,公司固定贷款,2026-06-30,兰州分行,00146,兰州市高新支行,"0108001,0140001,620102,00146",00146,301--已生效待下柜,2029-02-17,JB6156,2024-02-17,2029-02-17,,zxsq2024021700044V6,tz2024021700044Y7,tz2024020600044DM,FXQYF276L50196688918965135406465335477572,,,,1--是,900000000068,01--融资人,tz2024021700044Y7,FXQYF276L50196688918965135406465335477572,,,,01700Y05,0--浮动值浮动,4--满月分段计息,0--按月计息,公司商用房按揭贷款,1010302--公司商用房按揭贷款,2001--单一债项,105030200,0800--循环贷续作,01--人民币,02--到期还款,30299--其他土地使用权抵押,E4790,E4790--其他房屋建筑业,86,113201,113201--普通中期贷款,企业法人,成长客户,潜力,149,620102--甘肃省--兰州市--城关区,A0102--国有绝对控股,2024-05-13 15:32:57,2026-02-10 18:34:27,0008--主合同(企金合同),1001--传统企金业务模板,1,CREDIT,0,0-不属于战略性新兴产业,1010302--公司商用房按揭贷款,1.0,,无,E4790--其他房屋建筑业,14348.57,26903.57
2026-06-30,900000000061,A00061,嘉禾软件股份有限公司,2024090800045OC,491119250514-3,0103--正常3,0101--正常1,正常,正常,正常,2.0,中期,山东省,公司流动贷款,2026-06-30,济南分行,00147,济南市高新支行,"0108001,0140001,370102,00147",00147,301--已生效待下柜,2026-09-08,JB7134,2024-09-08,2026-10-08,,zxsq20240908000452G,tz20240908000452M,tz2024082700045Q8,FXQYF192L15030994002836666553056435319439,,,,1--是,900000000061,01--融资人,tz20240908000452M,FXQYF192L15030994002836666553056435319439,,,,01700Y01,0--浮动值浮动,1--不分段计息,0--按月计息,公司流动资金贷款,10101--公司流动资金贷款,2002--组合债项,105030000,0100--正常申请,01--人民币,02--到期还款,41302--收费权质押,M7340,M7340--医学研究和试验发展,89,113201,113201--普通中期贷款,政府机构,重点客户,价值,130,370102--山东省--济南市--历下区,B0102--私人绝对控股,2024-11-21 17:54:42,2025-04-24 15:22:48,0008--主合同(企金合同),1001--传统企金业务模板,1,CREDIT,2,2-高端装备制造产业,10101--公司流动资金贷款,1.0,,无,M7340--医学研究和试验发展,287.6,2300.81
2026-06-30,900000000016,A00016,宏泰建设集团有限公司,2022102100046JO,527821646394-7,0101--正常1,0103--正常3,正常,正常,正常,2.0,中期,山东省,公司固定贷款,2026-06-30,济南分行,00148,济南市高新支行,"0108001,0140001,370102,00148",00148,302--已生效终止下柜,2024-10-21,JB8065,2022-10-21,2024-11-20,2024-11-25,zxsq2022102100046KN,tz2022102100046EM,tz2022102000046I2,FXQYF262L55242351209450974931204147236924,,,,1--是,900000000016,01--融资人,tz2022102100046EM,FXQYF262L55242351209450974931204147236924,,,,01700Y05,0--浮动值浮动,4--满月分段计息,0--按月计息,并购贷款,10106--并购贷款,2001--单一债项,105060000,0100--正常申请,01--人民币,02--到期还款,306--在建工程,F5162,F5162--石油及制品批发,10,113201,113201--普通中期贷款,企业法人,成长客户,潜力,171,370102--山东省--济南市--历下区,B0302--外商绝对控股,2022-12-10 11:47:57,2025-10-26 17:19:10,0008--主合同(企金合同),1001--传统企金业务模板,1,CREDIT,0,0-不属于战略性新兴产业,10106--并购贷款,1.0,,无,F5162--石油及制品批发,0.0,4706.15
2026-06-30,900000000003,A00003,卓越建设股份有限公司,2026053100047W6,934209193325-7,0101--正常1,0103--正常3,正常,正常,正常,5.0,中期,辽宁省,公司固定贷款,2026-06-30,大连分行,00249,大连市中心支行,"0108001,0140001,210202,00249",00249,301--已生效待下柜,2031-05-28,JB5148,2026-05-31,2031-06-27,,zxsq2026053100047ES,tz2026053100047I1,tz2026051900047PK,FXQYF891L20071217619314108720272401826777,,,,1--是,900000000003,01--融资人,tz2026053100047I1,FXQYF891L20071217619314108720272401826777,DSFED2026053100000047,dstz2026053100047F3,900000000004,01700Y05,0--浮动值浮动,1--不分段计息,0--按月计息,公司住房开发贷款,1010201--公司住房开发贷款,2002--组合债项,105020100,0301--重组-借新还旧（变更主体）,01--人民币,02--到期还款,30103--办公用房抵押,E4812,E4812--公路工程建筑,13,113202,113202--中期住房开发贷款,企业法人,基础客户,长尾,190,210202--辽宁省--大连市--中山区,B0301--外商相对控股,2026-06-18 15:31:54,2026-06-23 11:54:23,0008--主合同(企金合同),1001--传统企金业务模板,1,CREDIT,0,0-不属于战略性新兴产业,1010201--公司住房开发贷款,1.0,,无,E4812--公路工程建筑,5610.16,5705.25
2026-06-30,900000000093,A00093,嘉禾物流股份有限公司,2025072500048GW,264580959801-4,0101--正常1,0102--正常2,正常,正常,正常,10.0,长期,云南省,公司固定贷款,2026-06-30,昆明分行,00151,昆明市中心支行,"0108001,0140001,530103,00151",00151,301--已生效待下柜,2035-07-25,JB8001,2025-07-25,2035-09-23,,zxsq20250725000486W,tz20250725000480R,tz2025070600048TZ,FXQYF500L85518763101219161058662993499810,XYED2025072500000048,xytz2025072500048FO,xyht20250725000484Q,1--是,900000000093,01--融资人,tz20250725000480R,FXQYF500L85518763101219161058662993499810,,,,14802D01,0--浮动值浮动,1--不分段计息,9--满季计息,银团贷款,10108--银团贷款,2002--组合债项,105080000,0301--重组-借新还旧（变更主体）,01--人民币,0102--分期等额本息,30101--住房抵押,F5175,F5175--电气设备批发,34,113501,113501--银团贷款出资额,企业法人,重点客户,价值,159,530103--云南省--昆明市--盘龙区,A0102--国有绝对控股,2025-08-28 18:07:57,2026-01-27 18:19:19,0008--主合同(企金合同),1001--传统企金业务模板,1,CREDIT,0,0-不属于战略性新兴产业,10108--银团贷款,1.0,,无,F5175--电气设备批发,376.37,572.73
2026-06-30,900000000095,A00095,众联物流集团有限公司,20220826000496F,826917676219-4,0101--正常1,0101--正常1,正常,正常,正常,10.0,长期,浙江省,公司固定贷款,2026-06-30,杭州分行,00155,杭州市营业部,"0108001,0140001,330106,00155",00155,301--已生效待下柜,2032-08-26,JB2849,2022-08-26,2032-08-26,,zxsq2022082600049HI,tz2022082600049SG,tz2022081700049V9,FXQYF318L09910761416928761487516477747651,,,,1--是,900000000095,01--融资人,tz2022082600049SG,FXQYF318L09910761416928761487516477747651,,,,01700Y01,0--浮动值浮动,1--不分段计息,9--满季计息,并购贷款,10106--并购贷款,2001--单一债项,105060000,0100--正常申请,01--人民币,0102--分期等额本息,306--在建工程,F5179,F5179--其他机械设备及电子产品批发,90,113301,113301--普通长期贷款,企业法人,重点客户,价值,190,330106--浙江省--杭州市--西湖区,B0302--外商绝对控股,2022-09-01 18:43:34,2026-06-13 11:03:08,0008--主合同(企金合同),1001--传统企金业务模板,1,CRM,0,0-不属于战略性新兴产业,10106--并购贷款,1.0,,无,F5179--其他机械设备及电子产品批发,990.79,1606.69
2026-06-30,900000000057,A00057,远景科技集团有限公司,2023082500050QK,154669318329-3,0201--关注1,0101--正常1,关注,正常,正常,5.0,中期,上海市,公司固定贷款,2026-06-30,上海分行,00165,上海市中心支行,"0108001,0140001,310115,00165",00165,301--已生效待下柜,2028-08-25,JB3900,2023-08-25,2028-08-25,,zxsq2023082500050UC,tz2023082500050GU,tz2023080600050A4,FXQYF576L40518854787654664863191955845821,,,,1--是,900000000057,01--融资人,tz2023082500050GU,FXQYF576L40518854787654664863191955845821,,,,14802D01,0--浮动值浮动,7--满年分段计息,0--按月计息,公司住房开发贷款,1010201--公司住房开发贷款,2002--组合债项,105020100,0100--正常申请,01--人民币,03--分期还款（不规则期限还款）,203--专业担保公司保证,M7459,M7459--其他质检技术服务,38,113202,113202--中期住房开发贷款,企业法人,成长客户,潜力,174,310115--上海市--上海市--浦东新区,A0101--国有相对控股,2023-08-30 11:32:13,2025-02-24 08:24:04,0008--主合同(企金合同),1001--传统企金业务模板,1,CRM,0,0-不属于战略性新兴产业,1010201--公司住房开发贷款,1.0,,无,M7459--其他质检技术服务,632.07,1405.45
2026-06-30,900000000087,A00087,新科能源有限公司,20221225000518F,987940103189-4,0101--正常1,0101--正常1,正常,正常,正常,3.0,中期,山西省,公司固定贷款,2026-06-30,太原分行,00156,太原市高新支行,"0108001,0140001,140105,00156",00156,302--已生效终止下柜,2025-12-25,JB5368,2022-12-25,2025-12-25,2026-01-01,zxsq2022122500051ZP,tz2022122500051KU,tz2022121000051V6,FXQYF194L38684692707280510099998360970226,XYED2022122500000051,xytz2022122500051QK,xyht2022122500051RD,1--是,900000000087,01--融资人,tz2022122500051KU,FXQYF194L38684692707280510099998360970226,,,,01700Y05,0--浮动值浮动,1--不分段计息,3--利随本清,项目贷款,1010203--项目贷款,2002--组合债项,105020300,0100--正常申请,01--人民币,02--到期还款,30201--商业用地土地使用权抵押,C3511,C3511--矿山机械制造,10,113201,113201--普通中期贷款,企业法人,基础客户,长尾,130,140105--山西省--太原市--小店区,B0102--私人绝对控股,2023-02-25 09:29:45,2025-01-22 12:03:59,0008--主合同(企金合同),1001--传统企金业务模板,1,LOAN_CORE,3,3-新材料产业,1010203--项目贷款,1.0,,无,C3511--矿山机械制造,0.0,1546.8
2026-06-30,900000000015,A00015,鼎盛物流股份有限公司,2022090100052RQ,501606557702-5,0101--正常1,0101--正常1,正常,正常,正常,5.0,中期,辽宁省,公司固定贷款,2026-06-30,沈阳分行,00154,沈阳市城南支行,"0108001,0140001,210102,00154",00154,301--已生效待下柜,2027-09-01,JB5060,2022-09-01,2027-10-31,,zxsq2022090100052IN,tz2022090100052TB,tz2022082200052EU,FXQYF729L40024661704582760797334004764514,,,,1--是,900000000015,01--融资人,tz2022090100052TB,FXQYF729L40024661704582760797334004764514,,,,01700Y01,0--浮动值浮动,1--不分段计息,0--按月计息,公司住房开发贷款,1010201--公司住房开发贷款,2001--单一债项,105020100,0100--正常申请,01--人民币,02--到期还款,306--在建工程,C2924,C2924--泡沫塑料制造,81,113202,113202--中期住房开发贷款,企业法人,风险客户,风险,120,210102--辽宁省--沈阳市--和平区,B0201--港澳台相对控股,2022-10-09 09:46:19,2025-06-06 13:41:17,0008--主合同(企金合同),1001--传统企金业务模板,1,CREDIT,0,0-不属于战略性新兴产业,1010201--公司住房开发贷款,1.0,,无,C2924--泡沫塑料制造,346.72,1386.87
2026-06-30,900000000037,A00037,启航食品集团有限公司,20221023000539C,198842621142-3,0101--正常1,0101--正常1,正常,正常,正常,1.0,短期,陕西省,公司流动贷款,2026-06-30,西安分行,00166,西安市营业部,"0108001,0140001,610113,00166",00166,302--已生效终止下柜,2023-10-23,JB9189,2022-10-23,2023-10-23,2023-11-20,zxsq2022102300053ZN,tz20221023000533W,tz2022101600053OO,FXQYF278L21898189488611730568497917635212,,,,1--是,900000000037,01--融资人,tz20221023000533W,FXQYF278L21898189488611730568497917635212,,,,01700Y01,0--浮动值浮动,1--不分段计息,4--手工计息,公司流动资金贷款,10101--公司流动资金贷款,2001--单一债项,105030000,0100--正常申请,14--美元,03--分期还款（不规则期限还款）,30104--厂房抵押,C1469,C1469--其他调味品、发酵制品制造,33,113101,113101--普通短期贷款,企业法人,重点客户,价值,171,610113--陕西省--西安市--雁塔区,B0102--私人绝对控股,2022-11-23 16:40:33,2025-01-12 15:03:50,0008--主合同(企金合同),1001--传统企金业务模板,1,CREDIT,0,0-不属于战略性新兴产业,10101--公司流动资金贷款,7.017336908,,无,C1469--其他调味品、发酵制品制造,0.0,805.42
2026-06-30,900000000056,A00056,卓越科技集团有限公司,20241021000542G,561900057823-9,0102--正常2,0101--正常1,正常,正常,正常,2.0,中期,福建省,公司固定贷款,2026-06-30,宁德分行,00956,宁德市营业部,"0108001,0140001,350902,00956",00956,301--已生效待下柜,2026-10-21,JB8010,2024-10-21,2026-11-20,,zxsq2024102100054PO,tz20241021000545X,tz2024101100054SR,FXQYF383L46354997323076355112576291676949,,,,1--是,900000000056,01--融资人,tz20241021000545X,FXQYF383L46354997323076355112576291676949,,,,01700Y05,0--浮动值浮动,4--满月分段计息,0--按月计息,其他固定资产贷款,1010299--其他固定资产贷款,2002--组合债项,105029900,0100--正常申请,01--人民币,03--分期还款（不规则期限还款）,306--在建工程,C2023,C2023--刨花板制造,30,113201,113201--普通中期贷款,企业法人,成长客户,潜力,141,350902--福建省--宁德市--蕉城区,B0102--私人绝对控股,2024-11-20 13:47:17,2025-05-05 08:49:31,0008--主合同(企金合同),1001--传统企金业务模板,1,CREDIT,4,4-生物产业,1010299--其他固定资产贷款,1.0,,无,C2023--刨花板制造,1797.85,4314.83
2026-06-30,900000000060,A00060,鼎盛医药有限公司,20231115000550E,967554388932-8,0300--次级,0101--正常1,不良,正常,正常,3.0,中期,安徽省,公司流动贷款,2026-06-30,合肥分行,00159,合肥市高新支行,"0108001,0140001,340104,00159",00159,301--已生效待下柜,2026-11-15,JB7790,2023-11-15,2027-01-14,,zxsq20231115000559W,tz2023111500055MP,tz202311040005584,FXQYF937L70397278752918331097405334436825,,,,1--是,900000000060,01--融资人,tz2023111500055MP,FXQYF937L70397278752918331097405334436825,,,,01700Y05,0--浮动值浮动,4--满月分段计息,0--按月计息,公司流动资金贷款,10101--公司流动资金贷款,2001--单一债项,105030000,0100--正常申请,01--人民币,0102--分期等额本息,203--专业担保公司保证,C3511,C3511--矿山机械制造,45,113201,113201--普通中期贷款,企业法人,风险客户,风险,190,340104--安徽省--合肥市--蜀山区,B0201--港澳台相对控股,2024-01-01 18:43:57,2025-10-10 17:21:25,0008--主合同(企金合同),1001--传统企金业务模板,1,LOAN_CORE,0,0-不属于战略性新兴产业,10101--公司流动资金贷款,1.0,,无,C3511--矿山机械制造,9301.85,9680.29
2026-06-30,900000000089,A00089,华盛食品股份有限公司,2023103000056ZN,491477719346-8,0103--正常3,0101--正常1,正常,正常,正常,10.0,长期,北京市,公司固定贷款,2026-06-30,北京分行,00161,北京市城北支行,"0108001,0140001,110105,00161",00161,301--已生效待下柜,2033-10-28,JB0047,2023-10-30,2033-10-28,,zxsq20231030000566W,tz20231030000569U,tz2023101700056CU,FXQYF558L13322543535394062106267785231336,,,,1--是,900000000089,01--融资人,tz20231030000569U,FXQYF558L13322543535394062106267785231336,,,,14802D01,0--浮动值浮动,5--满季分段计息,2--按年计息,其他固定资产贷款,1010299--其他固定资产贷款,2001--单一债项,105029900,0100--正常申请,01--人民币,0101--分期等额本金,30101--住房抵押,C2645,C2645--染料制造,05,113301,113301--普通长期贷款,企业法人,基础客户,长尾,130,110105--北京市--北京市--朝阳区,B0302--外商绝对控股,2023-11-15 16:42:31,2025-01-04 13:55:44,0008--主合同(企金合同),1001--传统企金业务模板,1,CRM,1,1-新一代信息技术产业,1010299--其他固定资产贷款,1.0,瑞达产业集团有限公司,有,C2645--染料制造,27507.94,28721.03
2026-06-30,900000000047,A00047,中恒能源集团有限公司,202504170005740,179088655047-8,0102--正常2,0102--正常2,正常,正常,正常,10.0,长期,福建省,公司固定贷款,2026-06-30,泉州分行,00560,泉州市中心支行,"0108001,0140001,350503,00560",00560,301--已生效待下柜,2035-04-17,JB6763,2025-04-17,2035-04-17,,zxsq20250417000574K,tz2025041700057QP,tz2025041100057BY,FXQYF626L80331639761097825990146863461561,,,,1--是,900000000047,01--融资人,tz2025041700057QP,FXQYF626L80331639761097825990146863461561,DSFED2025041700000057,dstz2025041700057QA,900000000004,01700Y05,0--浮动值浮动,1--不分段计息,0--按月计息,公司商用房按揭贷款,1010302--公司商用房按揭贷款,2001--单一债项,105030200,0100--正常申请,01--人民币,02--到期还款,41302--收费权质押,C3824,C3824--电力电子元器件制造,22,113301,113301--普通长期贷款,企业法人,基础客户,长尾,174,350503--福建省--泉州市--丰泽区,B0302--外商绝对控股,2025-06-26 14:32:37,2025-08-25 08:07:02,0008--主合同(企金合同),1001--传统企金业务模板,1,CREDIT,3,3-新材料产业,1010302--公司商用房按揭贷款,1.0,中恒产业集团有限公司,有,C3824--电力电子元器件制造,741.97,839.97
2026-06-30,900000000055,A00055,宏泰能源股份有限公司,2022083000058WI,551136239946-1,0101--正常1,0101--正常1,正常,正常,正常,0.5,短期,云南省,公司流动贷款,2026-06-30,昆明分行,00161,昆明市城北支行,"0108001,0140001,530103,00161",00161,301--已生效待下柜,2023-02-28,JB5472,2022-08-30,2023-02-28,,zxsq20220830000584O,tz2022083000058KQ,tz2022082900058NR,FXQYF632L69852350338244448887345263597573,,,,1--是,900000000055,01--融资人,tz2022083000058KQ,FXQYF632L69852350338244448887345263597573,,,,01700Y01,0--浮动值浮动,1--不分段计息,0--按月计息,流动资金额度循环贷款,10107--流动资金额度循环贷款,2001--单一债项,105070000,0100--正常申请,01--人民币,02--到期还款,201--公司法人保证,C3849,C3849--其他电池制造,53,113101,113101--普通短期贷款,企业法人,重点客户,价值,130,530103--云南省--昆明市--盘龙区,B0302--外商绝对控股,2022-09-20 10:06:09,2025-12-11 13:57:54,0008--主合同(企金合同),1001--传统企金业务模板,1,CREDIT,4,4-生物产业,10107--流动资金额度循环贷款,1.0,宏泰产业集团有限公司,有,C3849--其他电池制造,285.05,850.89
2026-06-30,900000000093,A00093,嘉禾物流股份有限公司,2022072300059ZN,360949908975-3,0300--次级,0103--正常3,不良,正常,正常,10.0,长期,云南省,公司固定贷款,2026-06-30,昆明分行,00162,昆明市城北支行,"0108001,0140001,530103,00162",00162,301--已生效待下柜,2032-07-23,JB7711,2022-07-23,2032-07-23,,zxsq2022072300059UZ,tz20220723000593Z,tz2022071600059OH,FXQYF815L37042502315246482232418905870399,,,,1--是,900000000093,01--融资人,tz20220723000593Z,FXQYF815L37042502315246482232418905870399,,,,01700Y01,0--浮动值浮动,4--满月分段计息,1--按季计息,公司商用房按揭贷款,1010302--公司商用房按揭贷款,2001--单一债项,105030200,0100--正常申请,01--人民币,02--到期还款,203--专业担保公司保证,F5175,F5175--电气设备批发,15,113301,113301--普通长期贷款,企业法人,风险客户,风险,171,530103--云南省--昆明市--盘龙区,B0301--外商相对控股,2022-07-29 11:49:48,2026-05-26 11:09:48,0008--主合同(企金合同),1001--传统企金业务模板,1,LOAN_CORE,0,0-不属于战略性新兴产业,1010302--公司商用房按揭贷款,1.0,,无,F5175--电气设备批发,2306.22,3177.34
2026-06-30,900000000054,A00054,星海建设股份有限公司,2025021000060IF,144947878683-1,0101--正常1,0203--关注3,正常,关注,关注,5.0,中期,安徽省,公司固定贷款,2026-06-30,合肥分行,00164,合肥市营业部,"0108001,0140001,340104,00164",00164,301--已生效待下柜,2030-02-10,JB1228,2025-02-10,2030-02-10,,zxsq2025021000060ZR,tz2025021000060I4,tz2025012700060XM,FXQYF863L00686988872803258863184592695637,,,,1--是,900000000054,01--融资人,tz2025021000060I4,FXQYF863L00686988872803258863184592695637,,,,01700Y05,0--浮动值浮动,1--不分段计息,1--按季计息,银团贷款,10108--银团贷款,2001--单一债项,105080000,0100--正常申请,01--人民币,0101--分期等额本金,101--一般信用,C3744,C3744--航空相关设备制造,31,113501,113501--银团贷款出资额,企业法人,重点客户,价值,174,340104--安徽省--合肥市--蜀山区,A0101--国有相对控股,2025-03-10 11:10:07,2025-12-28 12:06:58,0008--主合同(企金合同),1001--传统企金业务模板,1,LOAN_CORE,0,0-不属于战略性新兴产业,10108--银团贷款,1.0,,无,C3744--航空相关设备制造,2769.71,3776.88
2026-06-30,900000000085,A00085,鼎盛商贸有限公司,202211170006159,930989084748-5,0101--正常1,0101--正常1,正常,正常,正常,2.0,中期,陕西省,公司固定贷款,2026-06-30,西安分行,00174,西安市中心支行,"0108001,0140001,610113,00174",00174,301--已生效待下柜,2024-11-17,JB0416,2022-11-17,2024-11-17,,zxsq2022111700061X9,tz2022111700061SF,tz20221028000616A,FXQYF190L96612922404934065562537828266904,XYED2022111700000061,xytz2022111700061TM,xyht2022111700061BM,1--是,900000000085,01--融资人,tz2022111700061SF,FXQYF190L96612922404934065562537828266904,,,,14802D01,0--浮动值浮动,7--满年分段计息,0--按月计息,公司厂房按揭贷款,1010305--公司厂房按揭贷款,2001--单一债项,105030500,0100--正常申请,01--人民币,0101--分期等额本金,30102--商业用房抵押,G5431,G5431--普通货物道路运输,94,113201,113201--普通中期贷款,政府机构,重点客户,价值,130,610113--陕西省--西安市--雁塔区,A0102--国有绝对控股,2023-01-07 18:04:53,2026-04-21 13:01:24,0008--主合同(企金合同),1001--传统企金业务模板,1,LOAN_CORE,0,0-不属于战略性新兴产业,1010305--公司厂房按揭贷款,1.0,新科产业集团有限公司,有,G5431--普通货物道路运输,279.11,5582.12
2026-06-30,900000000039,A00039,众联能源股份有限公司,2022021300062CM,108402577733-9,0103--正常3,0101--正常1,正常,正常,正常,3.0,中期,青海省,公司固定贷款,2026-06-30,西宁分行,00166,西宁市城南支行,"0108001,0140001,630104,00166",00166,302--已生效终止下柜,2025-02-13,JB8676,2022-02-13,2025-02-13,2025-02-13,zxsq2022021300062HZ,tz20220213000628K,tz20220204000622J,FXQYF904L47401670617399807910851947841624,XYED2022021300000062,xytz20220213000627N,xyht20220213000620A,1--是,900000000039,01--融资人,tz20220213000628K,FXQYF904L47401670617399807910851947841624,DSFED2022021300000062,dstz2022021300062X3,900000000086,01700Y05,0--浮动值浮动,1--不分段计息,1--按季计息,其他固定资产贷款,1010299--其他固定资产贷款,2001--单一债项,105029900,0100--正常申请,01--人民币,02--到期还款,30299--其他土地使用权抵押,C2659,C2659--其他合成材料制造,24,113201,113201--普通中期贷款,企业法人,风险客户,风险,130,630104--青海省--西宁市--城西区,B0302--外商绝对控股,2022-04-14 09:07:32,2026-04-29 12:05:36,0008--主合同(企金合同),1001--传统企金业务模板,1,LOAN_CORE,0,0-不属于战略性新兴产业,1010299--其他固定资产贷款,1.0,,无,C2659--其他合成材料制造,0.0,3010.81
2026-06-30,900000000074,A00074,中恒制造集团有限公司,2024092800063QA,320304734137-7,0101--正常1,0103--正常3,正常,正常,正常,10.0,长期,重庆市,公司固定贷款,2026-06-30,重庆分行,00166,重庆市城南支行,"0108001,0140001,500103,00166",00166,301--已生效待下柜,2034-09-28,JB8899,2024-09-28,2034-10-28,,zxsq20240928000637L,tz20240928000634F,tz2024092400063ZQ,FXQYF752L65294877224809199573450769434034,,,,1--是,900000000074,01--融资人,tz20240928000634F,FXQYF752L65294877224809199573450769434034,DSFED2024092800000063,dstz2024092800063VT,900000000079,01700Y05,0--浮动值浮动,1--不分段计息,3--利随本清,并购贷款,10106--并购贷款,2002--组合债项,105060000,0100--正常申请,01--人民币,0101--分期等额本金,30201--商业用地土地使用权抵押,D4413,D4413--水力发电,57,113301,113301--普通长期贷款,企业法人,重点客户,价值,190,500103--重庆市--重庆市--渝中区,A0201--集体相对控股,2024-12-06 08:40:03,2025-01-07 13:42:07,0008--主合同(企金合同),1001--传统企金业务模板,1,CRM,0,0-不属于战略性新兴产业,10106--并购贷款,1.0,华盛产业集团有限公司,有,D4413--水力发电,1990.77,2413.06
2026-06-30,900000000039,A00039,众联能源股份有限公司,2023100700064KM,733209709379-1,0201--关注1,0103--正常3,关注,正常,正常,2.0,中期,青海省,公司流动贷款,2026-06-30,西宁分行,00168,西宁市营业部,"0108001,0140001,630104,00168",00168,302--已生效终止下柜,2025-10-07,JB2225,2023-10-07,2025-12-06,2026-01-01,zxsq2023100700064WM,tz2023100700064HY,tz2023091900064HK,FXQYF961L62983112714823484054964033312383,,,,1--是,900000000039,01--融资人,tz2023100700064HY,FXQYF961L62983112714823484054964033312383,,,,14802D01,0--浮动值浮动,1--不分段计息,0--按月计息,公司流动资金贷款,10101--公司流动资金贷款,2001--单一债项,105030000,0100--正常申请,01--人民币,02--到期还款,203--专业担保公司保证,C2659,C2659--其他合成材料制造,79,113201,113201--普通中期贷款,企业法人,风险客户,风险,190,630104--青海省--西宁市--城西区,B0102--私人绝对控股,2023-10-07 09:02:19,2025-04-06 11:56:57,0008--主合同(企金合同),1001--传统企金业务模板,1,CRM,0,0-不属于战略性新兴产业,10101--公司流动资金贷款,1.0,,无,C2659--其他合成材料制造,0.0,1808.19
2026-06-30,900000000003,A00003,卓越建设股份有限公司,2024060600065IG,138836339656-1,0101--正常1,0101--正常1,正常,正常,正常,5.0,中期,辽宁省,公司固定贷款,2026-06-30,大连分行,00267,大连市中心支行,"0108001,0140001,210202,00267",00267,301--已生效待下柜,2029-06-06,JB4432,2024-06-06,2029-06-06,,zxsq2024060600065SU,tz2024060600065LX,tz202405230006593,FXQYF234L89645028118475362088914180639652,XYED2024060600000065,xytz2024060600065AA,xyht2024060600065FM,1--是,900000000003,01--融资人,tz2024060600065LX,FXQYF234L89645028118475362088914180639652,,,,01700Y01,0--浮动值浮动,1--不分段计息,1--按季计息,公司住房开发贷款,1010201--公司住房开发贷款,2001--单一债项,105020100,0100--正常申请,01--人民币,02--到期还款,306--在建工程,E4812,E4812--公路工程建筑,06,113202,113202--中期住房开发贷款,企业法人,基础客户,长尾,149,210202--辽宁省--大连市--中山区,B0101--私人相对控股,2024-08-20 15:49:25,2025-12-28 12:08:04,0008--主合同(企金合同),1001--传统企金业务模板,1,CRM,0,0-不属于战略性新兴产业,1010201--公司住房开发贷款,1.0,,无,E4812--公路工程建筑,640.49,889.57
2026-06-30,900000000027,A00027,嘉禾科技有限公司,2025022500066FK,397330416429-2,0101--正常1,0201--关注1,正常,关注,关注,2.0,中期,吉林省,公司固定贷款,2026-06-30,长春分行,00168,长春市高新支行,"0108001,0140001,220102,00168",00168,301--已生效待下柜,2027-02-25,JB8316,2025-02-25,2027-02-25,,zxsq2025022500066EG,tz202502250006675,tz2025021800066RE,FXQYF648L21665355423467707785584654486286,,,,1--是,900000000027,01--融资人,tz202502250006675,FXQYF648L21665355423467707785584654486286,,,,14802D01,0--浮动值浮动,1--不分段计息,1--按季计息,公司住房开发贷款,1010201--公司住房开发贷款,2002--组合债项,105020100,0800--循环贷续作,01--人民币,02--到期还款,203--专业担保公司保证,C3240,C3240--有色金属合金制造,19,113202,113202--中期住房开发贷款,企业法人,重点客户,价值,171,220102--吉林省--长春市--南关区,B0202--港澳台绝对控股,2025-04-23 17:14:25,2025-07-22 09:50:41,0008--主合同(企金合同),1001--传统企金业务模板,1,LOAN_CORE,1,1-新一代信息技术产业,1010201--公司住房开发贷款,1.0,,无,C3240--有色金属合金制造,4073.63,7638.05
2026-06-30,900000000013,A00013,众联软件股份有限公司,20230108000679R,221057131105-5,0201--关注1,0102--正常2,关注,正常,正常,2.0,中期,陕西省,公司固定贷款,2026-06-30,西安分行,00180,西安市营业部,"0108001,0140001,610113,00180",00180,302--已生效终止下柜,2025-01-08,JB7865,2023-01-08,2025-01-08,2025-01-30,zxsq2023010800067YK,tz20230108000671B,tz2023010500067MW,FXQYF816L26990164959016116785020016413649,,,,1--是,900000000013,01--融资人,tz20230108000671B,FXQYF816L26990164959016116785020016413649,DSFED2023010800000067,dstz20230108000679U,900000000059,01700Y01,0--浮动值浮动,1--不分段计息,0--按月计息,工业厂房开发贷款,1010208--工业厂房开发贷款,2001--单一债项,105020800,0700--连连贷,01--人民币,02--到期还款,201--公司法人保证,L7271,L7271--安全服务,56,113201,113201--普通中期贷款,企业法人,成长客户,潜力,190,610113--陕西省--西安市--雁塔区,A0102--国有绝对控股,2023-03-21 09:05:36,2026-02-25 15:34:06,0008--主合同(企金合同),1001--传统企金业务模板,1,CREDIT,7,7-节能环保产业,1010208--工业厂房开发贷款,1.0,新科产业集团有限公司,有,L7271--安全服务,0.0,4877.82
2026-06-30,900000000061,A00061,嘉禾软件股份有限公司,2024073100068HU,788828587961-1,0103--正常3,0103--正常3,正常,正常,正常,0.5,短期,山东省,公司流动贷款,2026-06-30,济南分行,00170,济南市城南支行,"0108001,0140001,370102,00170",00170,302--已生效终止下柜,2025-01-28,JB2875,2024-07-31,2025-01-28,2025-02-05,zxsq2024073100068OQ,tz2024073100068P6,tz2024073000068WT,FXQYF822L38856956034729274716186869796755,,,,1--是,900000000061,01--融资人,tz2024073100068P6,FXQYF822L38856956034729274716186869796755,,,,14802D01,0--浮动值浮动,5--满季分段计息,4--手工计息,流动资金额度循环贷款,10107--流动资金额度循环贷款,2001--单一债项,105070000,0100--正常申请,01--人民币,02--到期还款,101--一般信用,M7340,M7340--医学研究和试验发展,17,113101,113101--普通短期贷款,企业法人,重点客户,价值,120,370102--山东省--济南市--历下区,B0201--港澳台相对控股,2024-09-03 08:22:11,2025-11-30 14:34:08,0008--主合同(企金合同),1001--传统企金业务模板,1,CREDIT,0,0-不属于战略性新兴产业,10107--流动资金额度循环贷款,1.0,,无,M7340--医学研究和试验发展,0.0,4723.47
2026-06-30,900000000099,A00099,星海软件有限公司,2026060900069OU,608831243202-9,0101--正常1,0102--正常2,正常,正常,正常,10.0,长期,福建省,公司固定贷款,2026-06-30,莆田分行,00371,莆田市高新支行,"0108001,0140001,350302,00371",00371,301--已生效待下柜,2036-06-09,JB8958,2026-06-09,2036-06-09,,zxsq2026060900069IL,tz20260609000692M,tz20260602000696N,FXQYF446L11506607363233903381735591066327,XYED2026060900000069,xytz2026060900069G2,xyht20260609000691F,1--是,900000000099,01--融资人,tz20260609000692M,FXQYF446L11506607363233903381735591066327,,,,01700Y05,0--浮动值浮动,1--不分段计息,0--按月计息,银团贷款,10108--银团贷款,2001--单一债项,105080000,0100--正常申请,01--人民币,0101--分期等额本金,30102--商业用房抵押,Q8421,Q8421--社区卫生服务中心（站）,45,113501,113501--银团贷款出资额,企业法人,成长客户,潜力,190,350302--福建省--莆田市--城厢区,B0202--港澳台绝对控股,2026-06-28 17:43:26,2026-06-30 11:18:02,0008--主合同(企金合同),1001--传统企金业务模板,1,CRM,2,2-高端装备制造产业,10108--银团贷款,1.0,,无,Q8421--社区卫生服务中心（站）,2986.67,2986.67
2026-06-30,900000000002,A00002,启航制造集团有限公司,2022050100070WA,759376195551-6,0101--正常1,0203--关注3,正常,关注,关注,2.0,中期,山东省,公司固定贷款,2026-06-30,青岛分行,00272,青岛市营业部,"0108001,0140001,370202,00272",00272,301--已生效待下柜,2024-05-01,JB4238,2022-05-01,2024-05-01,,zxsq2022050100070OU,tz2022050100070UR,tz2022041200070N9,FXQYF763L64460507227028755935937634268517,,,,1--是,900000000002,01--融资人,tz2022050100070UR,FXQYF763L64460507227028755935937634268517,DSFED2022050100000070,dstz20220501000708O,900000000082,01700Y01,0--浮动值浮动,1--不分段计息,1--按季计息,公司商用房按揭贷款,1010302--公司商用房按揭贷款,2001--单一债项,105030200,0302--重组-借新还旧（不变更主体）,01--人民币,0101--分期等额本金,41003--非上市公司股权质押,F5213,F5213--便利店零售,93,113201,113201--普通中期贷款,企业法人,基础客户,长尾,149,370202--山东省--青岛市--市南区,A0102--国有绝对控股,2022-06-26 13:09:42,2025-04-24 16:44:55,0008--主合同(企金合同),1001--传统企金业务模板,1,CRM,0,0-不属于战略性新兴产业,1010302--公司商用房按揭贷款,1.0,启航产业集团有限公司,有,F5213--便利店零售,169.69,3393.88
2026-06-30,900000000074,A00074,中恒制造集团有限公司,2022071600071CU,699658315377-2,0201--关注1,0102--正常2,关注,正常,正常,1.0,短期,重庆市,公司流动贷款,2026-06-30,重庆分行,00174,重庆市城北支行,"0108001,0140001,500103,00174",00174,302--已生效终止下柜,2023-07-16,JB2090,2022-07-16,2023-07-16,2023-08-09,zxsq2022071600071U8,tz2022071600071SK,tz2022071100071RE,FXQYF436L09334821263313732114855568968706,XYED2022071600000071,xytz2022071600071KC,xyht20220716000719K,1--是,900000000074,01--融资人,tz2022071600071SK,FXQYF436L09334821263313732114855568968706,,,,01700Y05,0--浮动值浮动,1--不分段计息,1--按季计息,流动资金额度循环贷款,10107--流动资金额度循环贷款,2001--单一债项,105070000,0100--正常申请,01--人民币,02--到期还款,30202--工业用地土地使用权抵押,D4413,D4413--水力发电,74,113101,113101--普通短期贷款,企业法人,成长客户,潜力,130,500103--重庆市--重庆市--渝中区,A0101--国有相对控股,2022-08-19 18:40:03,2026-06-22 11:46:05,0008--主合同(企金合同),1001--传统企金业务模板,1,CREDIT,0,0-不属于战略性新兴产业,10107--流动资金额度循环贷款,1.0,华盛产业集团有限公司,有,D4413--水力发电,0.0,2006.05
2026-06-30,900000000001,A00001,远景商贸股份有限公司,2023091700072XS,810270362308-3,0102--正常2,0102--正常2,正常,正常,正常,2.0,中期,河南省,公司固定贷款,2026-06-30,郑州分行,00177,郑州市营业部,"0108001,0140001,410105,00177",00177,302--已生效终止下柜,2025-09-17,JB6004,2023-09-17,2025-09-17,2025-10-13,zxsq2023091700072SC,tz2023091700072JW,tz2023090300072QY,FXQYF122L39379500665492535646396893312086,XYED2023091700000072,xytz2023091700072CJ,xyht2023091700072QF,1--是,900000000001,01--融资人,tz2023091700072JW,FXQYF122L39379500665492535646396893312086,,,,01700Y05,0--浮动值浮动,1--不分段计息,0--按月计息,公司商用房按揭贷款,1010302--公司商用房按揭贷款,2001--单一债项,105030200,0302--重组-借新还旧（不变更主体）,01--人民币,03--分期还款（不规则期限还款）,40904--商业承兑汇票质押,C3055,C3055--玻璃包装容器制造,15,113201,113201--普通中期贷款,事业法人,基础客户,长尾,110,410105--河南省--郑州市--金水区,B0201--港澳台相对控股,2023-10-04 12:22:17,2025-05-18 09:51:50,0008--主合同(企金合同),1001--传统企金业务模板,1,CREDIT,1,1-新一代信息技术产业,1010302--公司商用房按揭贷款,1.0,,无,C3055--玻璃包装容器制造,0.0,1345.39
2026-06-30,900000000054,A00054,星海建设股份有限公司,2022052100073F7,235603345123-8,0101--正常1,0101--正常1,正常,正常,正常,2.0,中期,安徽省,公司流动贷款,2026-06-30,合肥分行,00177,合肥市城南支行,"0108001,0140001,340104,00177",00177,302--已生效终止下柜,2024-05-21,JB2341,2022-05-21,2024-05-21,2024-05-25,zxsq2022052100073SG,tz20220521000734Y,tz2022051200073MC,FXQYF245L82185945394442013829791920747439,XYED2022052100000073,xytz2022052100073TJ,xyht20220521000733B,1--是,900000000054,01--融资人,tz20220521000734Y,FXQYF245L82185945394442013829791920747439,,,,01700Y05,0--浮动值浮动,1--不分段计息,1--按季计息,公司流动资金贷款,10101--公司流动资金贷款,2001--单一债项,105030000,0302--重组-借新还旧（不变更主体）,01--人民币,03--分期还款（不规则期限还款）,41003--非上市公司股权质押,C3744,C3744--航空相关设备制造,22,113201,113201--普通中期贷款,企业法人,风险客户,风险,190,340104--安徽省--合肥市--蜀山区,B0101--私人相对控股,2022-06-29 10:02:07,2025-01-24 08:58:12,0008--主合同(企金合同),1001--传统企金业务模板,1,CREDIT,3,3-新材料产业,10101--公司流动资金贷款,1.0,,无,C3744--航空相关设备制造,0.0,2533.65
2026-06-30,900000000020,A00020,鼎盛机械有限公司,2023061100074P2,441652462916-6,0300--次级,0101--正常1,不良,正常,正常,0.5,短期,辽宁省,公司流动贷款,2026-06-30,大连分行,00276,大连市城北支行,"0108001,0140001,210202,00276",00276,302--已生效终止下柜,2023-12-11,JB7307,2023-06-11,2023-12-11,2024-01-05,zxsq202306110007405,tz2023061100074IR,tz202305280007430,FXQYF525L39466976161321190385975547725457,,,,1--是,900000000020,01--融资人,tz2023061100074IR,FXQYF525L39466976161321190385975547725457,DSFED2023061100000074,dstz2023061100074EB,900000000071,01700Y05,0--浮动值浮动,1--不分段计息,3--利随本清,公司流动资金贷款,10101--公司流动资金贷款,2001--单一债项,105030000,0100--正常申请,01--人民币,0101--分期等额本金,30201--商业用地土地使用权抵押,C2651,C2651--初级形态塑料及合成树脂制造,53,113101,113101--普通短期贷款,企业法人,成长客户,潜力,190,210202--辽宁省--大连市--中山区,A0201--集体相对控股,2023-08-11 10:39:28,2026-06-04 12:20:26,0008--主合同(企金合同),1001--传统企金业务模板,1,CRM,2,2-高端装备制造产业,10101--公司流动资金贷款,1.0,,无,C2651--初级形态塑料及合成树脂制造,0.0,1310.65
2026-06-30,900000000018,A00018,新科电子股份有限公司,202509040007506,461282780133-2,0102--正常2,0101--正常1,正常,正常,正常,5.0,中期,江苏省,公司固定贷款,2026-06-30,南京分行,00181,南京市高新支行,"0108001,0140001,320106,00181",00181,301--已生效待下柜,2030-09-04,JB3132,2025-09-04,2030-10-04,,zxsq2025090400075LL,tz2025090400075FP,tz2025082400075CF,FXQYF174L62337727417036399780161289974552,,,,1--是,900000000018,01--融资人,tz2025090400075FP,FXQYF174L62337727417036399780161289974552,,,,01700Y05,0--浮动值浮动,4--满月分段计息,0--按月计息,公司住房开发贷款,1010201--公司住房开发贷款,2001--单一债项,105020100,0700--连连贷,01--人民币,03--分期还款（不规则期限还款）,40101--活期保证金,G5443,G5443--公路管理与养护,62,113202,113202--中期住房开发贷款,企业法人,成长客户,潜力,171,320106--江苏省--南京市--鼓楼区,A0201--集体相对控股,2025-10-15 09:31:56,2026-06-04 12:16:46,0008--主合同(企金合同),1001--传统企金业务模板,1,LOAN_CORE,0,0-不属于战略性新兴产业,1010201--公司住房开发贷款,1.0,,无,G5443--公路管理与养护,1853.45,2289.97
2026-06-30,900000000030,A00030,华盛能源股份有限公司,2022022100076L0,424123101374-9,0102--正常2,0101--正常1,正常,正常,正常,7.0,长期,福建省,公司固定贷款,2026-06-30,龙岩分行,00878,龙岩市高新支行,"0108001,0140001,350802,00878",00878,301--已生效待下柜,2029-02-21,JB1284,2022-02-21,2029-02-21,,zxsq2022022100076FI,tz2022022100076S7,tz2022020100076OE,FXQYF761L92739229404427904504754976615549,,,,1--是,900000000030,01--融资人,tz2022022100076S7,FXQYF761L92739229404427904504754976615549,,,,01700Y01,0--浮动值浮动,4--满月分段计息,2--按年计息,公司商用房按揭贷款,1010302--公司商用房按揭贷款,2002--组合债项,105030200,0700--连连贷,01--人民币,03--分期还款（不规则期限还款）,41699--其他应收账款质押,C3352,C3352--建筑装饰及水暖管道零件制造,21,113301,113301--普通长期贷款,企业法人,重点客户,价值,141,350802--福建省--龙岩市--新罗区,A0201--集体相对控股,2022-04-13 08:49:43,2025-06-06 08:17:01,0008--主合同(企金合同),1001--传统企金业务模板,1,CRM,0,0-不属于战略性新兴产业,1010302--公司商用房按揭贷款,1.0,中恒产业集团有限公司,有,C3352--建筑装饰及水暖管道零件制造,311.59,549.87
2026-06-30,900000000008,A00008,嘉禾能源集团有限公司,2025063000077WG,580448625425-5,0102--正常2,0201--关注1,正常,关注,关注,0.5,短期,浙江省,公司流动贷款,2026-06-30,宁波分行,00289,宁波市中心支行,"0108001,0140001,330212,00289",00289,302--已生效终止下柜,2025-12-28,JB3796,2025-06-30,2026-01-27,2026-02-23,zxsq2025063000077P7,tz2025063000077NL,tz2025061700077YL,FXQYF859L07858532429023990069985318312081,XYED2025063000000077,xytz20250630000770D,xyht20250630000776G,1--是,900000000008,01--融资人,tz2025063000077NL,FXQYF859L07858532429023990069985318312081,DSFED2025063000000077,dstz2025063000077R0,900000000028,14802D01,0--浮动值浮动,7--满年分段计息,1--按季计息,公司流动资金贷款,10101--公司流动资金贷款,2001--单一债项,105030000,0100--正常申请,01--人民币,0101--分期等额本金,30201--商业用地土地使用权抵押,C3591,C3591--环境保护专用设备制造,53,113101,113101--普通短期贷款,企业法人,重点客户,价值,120,330212--浙江省--宁波市--鄞州区,A0102--国有绝对控股,2025-07-29 18:31:03,2025-09-11 17:32:43,0008--主合同(企金合同),1001--传统企金业务模板,1,CRM,0,0-不属于战略性新兴产业,10101--公司流动资金贷款,1.0,,无,C3591--环境保护专用设备制造,0.0,1978.14
2026-06-30,900000000097,A00097,鼎盛材料股份有限公司,2022021100078TW,799079446957-7,0101--正常1,0201--关注1,正常,关注,关注,10.0,长期,河南省,公司固定贷款,2026-06-30,郑州分行,00183,郑州市城北支行,"0108001,0140001,410105,00183",00183,301--已生效待下柜,2032-02-11,JB3266,2022-02-11,2032-02-11,,zxsq2022021100078HI,tz2022021100078TP,tz2022020700078SY,FXQYF903L03931661339661896122463030706832,,,,1--是,900000000097,01--融资人,tz2022021100078TP,FXQYF903L03931661339661896122463030706832,DSFED2022021100000078,dstz2022021100078IQ,900000000042,14802D01,0--浮动值浮动,1--不分段计息,0--按月计息,项目贷款,1010203--项目贷款,2002--组合债项,105020300,0100--正常申请,01--人民币,02--到期还款,101--一般信用,C3451,C3451--滚动轴承制造,45,113301,113301--普通长期贷款,企业法人,成长客户,潜力,174,410105--河南省--郑州市--金水区,B0202--港澳台绝对控股,2022-03-04 16:28:41,2025-11-12 10:31:23,0008--主合同(企金合同),1001--传统企金业务模板,1,CRM,0,0-不属于战略性新兴产业,1010203--项目贷款,1.0,新科产业集团有限公司,有,C3451--滚动轴承制造,1518.98,2680.55
2026-06-30,900000000001,A00001,远景商贸股份有限公司,2022030200079HL,238892371622-3,0201--关注1,0101--正常1,关注,正常,正常,1.0,短期,河南省,公司流动贷款,2026-06-30,郑州分行,00184,郑州市城北支行,"0108001,0140001,410105,00184",00184,302--已生效终止下柜,2023-03-02,JB4223,2022-03-02,2023-03-02,2023-03-07,zxsq20220302000792J,tz20220302000797J,tz2022021000079HQ,FXQYF526L39377551809739595787266404785829,,,,1--是,900000000001,01--融资人,tz20220302000797J,FXQYF526L39377551809739595787266404785829,,,,14802D01,0--浮动值浮动,5--满季分段计息,1--按季计息,公司结算帐户透支,1010401--公司结算帐户透支,2001--单一债项,105040100,0100--正常申请,01--人民币,0101--分期等额本金,41699--其他应收账款质押,C3055,C3055--玻璃包装容器制造,88,125110,125110--单位结算账户透支,企业法人,成长客户,潜力,174,410105--河南省--郑州市--金水区,B0301--外商相对控股,2022-05-03 18:07:55,2025-08-09 11:12:38,0008--主合同(企金合同),1001--传统企金业务模板,1,CRM,0,0-不属于战略性新兴产业,1010401--公司结算帐户透支,1.0,,无,C3055--玻璃包装容器制造,0.0,760.15
2026-06-30,900000000079,A00079,众联制造股份有限公司,2024031800080IX,994820799579-8,0101--正常1,0102--正常2,正常,正常,正常,3.0,中期,陕西省,公司固定贷款,2026-06-30,西安分行,00193,西安市中心支行,"0108001,0140001,610113,00193",00193,301--已生效待下柜,2027-03-18,JB7306,2024-03-18,2027-05-17,,zxsq20240318000806K,tz2024031800080J2,tz2024030300080WY,FXQYF315L23568273184489646055705042403613,XYED2024031800000080,xytz2024031800080KF,xyht2024031800080U4,1--是,900000000079,01--融资人,tz2024031800080J2,FXQYF315L23568273184489646055705042403613,,,,14802D01,0--浮动值浮动,1--不分段计息,3--利随本清,其他固定资产贷款,1010299--其他固定资产贷款,2001--单一债项,105029900,0800--循环贷续作,01--人民币,0101--分期等额本金,30104--厂房抵押,C3513,C3513--深海石油钻探设备制造,17,113201,113201--普通中期贷款,企业法人,重点客户,价值,110,610113--陕西省--西安市--雁塔区,B0201--港澳台相对控股,2024-05-24 14:45:01,2026-03-14 14:20:31,0008--主合同(企金合同),1001--传统企金业务模板,1,CRM,0,0-不属于战略性新兴产业,1010299--其他固定资产贷款,1.0,鼎盛产业集团有限公司,有,C3513--深海石油钻探设备制造,1436.13,3216.41
2026-06-30,900000000047,A00047,中恒能源集团有限公司,2024071700081IU,937539793225-6,0300--次级,0101--正常1,不良,正常,正常,2.0,中期,福建省,公司固定贷款,2026-06-30,泉州分行,00584,泉州市中心支行,"0108001,0140001,350503,00584",00584,301--已生效待下柜,2026-07-17,JB4076,2024-07-17,2026-08-16,,zxsq202407170008145,tz20240717000816V,tz2024070100081Y9,FXQYF544L10691503440361454417386261563296,,,,1--是,900000000047,01--融资人,tz20240717000816V,FXQYF544L10691503440361454417386261563296,,,,14802D01,0--浮动值浮动,5--满季分段计息,2--按年计息,公司商用房按揭贷款,1010302--公司商用房按揭贷款,2001--单一债项,105030200,0100--正常申请,01--人民币,0102--分期等额本息,306--在建工程,C3824,C3824--电力电子元器件制造,76,113201,113201--普通中期贷款,企业法人,基础客户,长尾,141,350503--福建省--泉州市--丰泽区,A0102--国有绝对控股,2024-08-28 12:56:04,2025-07-19 16:49:54,0008--主合同(企金合同),1001--传统企金业务模板,1,CRM,1,1-新一代信息技术产业,1010302--公司商用房按揭贷款,1.0,中恒产业集团有限公司,有,C3824--电力电子元器件制造,725.87,2166.78
2026-06-30,900000000098,A00098,启航机械股份有限公司,2025020400082I4,284733126585-1,0101--正常1,0102--正常2,正常,正常,正常,10.0,长期,四川省,公司固定贷款,2026-06-30,成都分行,00189,成都市城南支行,"0108001,0140001,510107,00189",00189,301--已生效待下柜,2035-02-04,JB8039,2025-02-04,2035-02-04,,zxsq2025020400082F7,tz2025020400082M4,tz2025012000082D1,FXQYF358L10648813578364164480073889905965,,,,1--是,900000000098,01--融资人,tz2025020400082M4,FXQYF358L10648813578364164480073889905965,,,,01700Y05,0--浮动值浮动,7--满年分段计息,3--利随本清,其他固定资产贷款,1010299--其他固定资产贷款,2002--组合债项,105029900,0700--连连贷,01--人民币,0101--分期等额本金,30103--办公用房抵押,C3569,C3569--其他电子专用设备制造,08,113301,113301--普通长期贷款,企业法人,重点客户,价值,130,510107--四川省--成都市--武侯区,B0202--港澳台绝对控股,2025-04-28 09:35:51,2026-03-20 17:32:19,0008--主合同(企金合同),1001--传统企金业务模板,1,CRM,0,0-不属于战略性新兴产业,1010299--其他固定资产贷款,1.0,,无,C3569--其他电子专用设备制造,3502.04,3536.81
2026-06-30,900000000068,A00068,华盛商贸集团有限公司,2024100800083Z3,750973196977-1,0101--正常1,0102--正常2,正常,正常,正常,3.0,中期,甘肃省,公司固定贷款,2026-06-30,兰州分行,00185,兰州市城南支行,"0108001,0140001,620102,00185",00185,301--已生效待下柜,2027-10-08,JB3890,2024-10-08,2027-10-08,,zxsq2024100800083N8,tz202410080008319,tz2024100500083JQ,FXQYF241L95657064258686947707229494360759,XYED2024100800000083,xytz2024100800083YL,xyht2024100800083M2,1--是,900000000068,01--融资人,tz202410080008319,FXQYF241L95657064258686947707229494360759,,,,01700Y01,0--浮动值浮动,5--满季分段计息,0--按月计息,公司住房开发贷款,1010201--公司住房开发贷款,2001--单一债项,105020100,0100--正常申请,14--美元,02--到期还款,41302--收费权质押,E4790,E4790--其他房屋建筑业,18,113202,113202--中期住房开发贷款,企业法人,成长客户,潜力,120,620102--甘肃省--兰州市--城关区,B0201--港澳台相对控股,2024-12-21 15:44:40,2025-05-23 14:36:44,0008--主合同(企金合同),1001--传统企金业务模板,1,CREDIT,0,0-不属于战略性新兴产业,1010201--公司住房开发贷款,7.1677651023,,无,E4790--其他房屋建筑业,2022.43,3309.43
2026-06-30,900000000060,A00060,鼎盛医药有限公司,20251004000842Q,156821182521-2,0102--正常2,0300--次级,正常,不良,次级,5.0,中期,安徽省,公司固定贷款,2026-06-30,合肥分行,00188,合肥市城北支行,"0108001,0140001,340104,00188",00188,301--已生效待下柜,2030-10-04,JB1953,2025-10-04,2030-12-03,,zxsq2025100400084MN,tz2025100400084T9,tz2025092200084O3,FXQYF061L51564446207575731087832978515798,,,,1--是,900000000060,01--融资人,tz2025100400084T9,FXQYF061L51564446207575731087832978515798,DSFED2025100400000084,dstz2025100400084VE,900000000001,14802D01,0--浮动值浮动,4--满月分段计息,4--手工计息,公司厂房按揭贷款,1010305--公司厂房按揭贷款,2001--单一债项,105030500,0100--正常申请,01--人民币,02--到期还款,101--一般信用,C3511,C3511--矿山机械制造,29,113201,113201--普通中期贷款,企业法人,成长客户,潜力,174,340104--安徽省--合肥市--蜀山区,B0301--外商相对控股,2025-12-25 15:14:56,2026-02-01 18:49:20,0008--主合同(企金合同),1001--传统企金业务模板,1,CREDIT,1,1-新一代信息技术产业,1010305--公司厂房按揭贷款,1.0,,无,C3511--矿山机械制造,790.11,911.66
2026-06-30,900000000082,A00082,远景食品股份有限公司,2022050700085BZ,534241458822-9,0101--正常1,0103--正常3,正常,正常,正常,10.0,长期,北京市,公司固定贷款,2026-06-30,北京分行,00190,北京市营业部,"0108001,0140001,110105,00190",00190,301--已生效待下柜,2032-05-07,JB1979,2022-05-07,2032-05-07,,zxsq2022050700085RA,tz202205070008530,tz20220506000857K,FXQYF751L00937440685637899240849619221722,,,,1--是,900000000082,01--融资人,tz202205070008530,FXQYF751L00937440685637899240849619221722,,,,01700Y01,0--浮动值浮动,1--不分段计息,0--按月计息,银团贷款,10108--银团贷款,2001--单一债项,105080000,0100--正常申请,01--人民币,0102--分期等额本息,40101--活期保证金,K7010,K7010--房地产开发经营,26,113501,113501--银团贷款出资额,企业法人,基础客户,长尾,159,110105--北京市--北京市--朝阳区,B0301--外商相对控股,2022-05-22 11:50:20,2025-08-11 17:25:43,0008--主合同(企金合同),1001--传统企金业务模板,1,CREDIT,3,3-新材料产业,10108--银团贷款,1.0,,无,K7010--房地产开发经营,2409.06,3373.24
2026-06-30,900000000082,A00082,远景食品股份有限公司,2024070100086JU,357085275716-5,0101--正常1,0102--正常2,正常,正常,正常,2.0,中期,北京市,公司固定贷款,2026-06-30,北京分行,00191,北京市城北支行,"0108001,0140001,110105,00191",00191,301--已生效待下柜,2026-07-01,JB7258,2024-07-01,2026-07-31,,zxsq20240701000866J,tz2024070100086ZO,tz20240613000867M,FXQYF384L95159266773371713625743887247551,,,,1--是,900000000082,01--融资人,tz2024070100086ZO,FXQYF384L95159266773371713625743887247551,,,,01700Y05,0--浮动值浮动,1--不分段计息,3--利随本清,公司商用房按揭贷款,1010302--公司商用房按揭贷款,2001--单一债项,105030200,0100--正常申请,01--人民币,0102--分期等额本息,40102--定期保证金,K7010,K7010--房地产开发经营,92,113201,113201--普通中期贷款,企业法人,重点客户,价值,159,110105--北京市--北京市--朝阳区,B0302--外商绝对控股,2024-07-08 12:02:34,2025-04-11 18:27:21,0008--主合同(企金合同),1001--传统企金业务模板,1,CRM,0,0-不属于战略性新兴产业,1010302--公司商用房按揭贷款,1.0,,无,K7010--房地产开发经营,168.7,3373.99
2026-06-30,900000000029,A00029,华盛医药股份有限公司,2024092600087RF,888372913655-5,0203--关注3,0103--正常3,关注,正常,正常,10.0,长期,广东省,公司固定贷款,2026-06-30,广州分行,00193,广州市城北支行,"0108001,0140001,440106,00193",00193,301--已生效待下柜,2034-09-26,JB3246,2024-09-26,2034-09-26,,zxsq20240926000879H,tz2024092600087G3,tz20240918000874C,FXQYF186L61426439356884794486880692841220,,,,1--是,900000000029,01--融资人,tz2024092600087G3,FXQYF186L61426439356884794486880692841220,DSFED2024092600000087,dstz2024092600087AN,900000000057,01700Y05,0--浮动值浮动,1--不分段计息,2--按年计息,其他固定资产贷款,1010299--其他固定资产贷款,2001--单一债项,105029900,0100--正常申请,01--人民币,02--到期还款,41302--收费权质押,C3461,C3461--烘炉、熔炉及电炉制造,65,113301,113301--普通长期贷款,企业法人,基础客户,长尾,120,440106--广东省--广州市--天河区,A0201--集体相对控股,2024-12-03 09:35:43,2025-07-21 16:59:17,0008--主合同(企金合同),1001--传统企金业务模板,1,LOAN_CORE,2,2-高端装备制造产业,1010299--其他固定资产贷款,1.0,,无,C3461--烘炉、熔炉及电炉制造,810.81,982.8
2026-06-30,900000000097,A00097,鼎盛材料股份有限公司,2024052400088YO,146672903529-7,0101--正常1,0102--正常2,正常,正常,正常,5.0,中期,河南省,公司固定贷款,2026-06-30,郑州分行,00193,郑州市营业部,"0108001,0140001,410105,00193",00193,301--已生效待下柜,2029-05-24,JB6528,2024-05-24,2029-05-24,,zxsq2024052400088IU,tz20240524000885T,tz20240505000882T,FXQYF678L29175357371636019148521301597813,XYED2024052400000088,xytz20240524000889J,xyht2024052400088BL,1--是,900000000097,01--融资人,tz20240524000885T,FXQYF678L29175357371636019148521301597813,,,,14802D01,0--浮动值浮动,5--满季分段计息,9--满季计息,公司商用房按揭贷款,1010302--公司商用房按揭贷款,2001--单一债项,105030200,0302--重组-借新还旧（不变更主体）,01--人民币,0102--分期等额本息,41003--非上市公司股权质押,C3451,C3451--滚动轴承制造,94,113201,113201--普通中期贷款,企业法人,基础客户,长尾,159,410105--河南省--郑州市--金水区,B0202--港澳台绝对控股,2024-06-20 17:38:57,2026-01-03 16:52:57,0008--主合同(企金合同),1001--传统企金业务模板,1,CREDIT,7,7-节能环保产业,1010302--公司商用房按揭贷款,1.0,新科产业集团有限公司,有,C3451--滚动轴承制造,1631.09,2007.91
2026-06-30,900000000087,A00087,新科能源有限公司,20260103000890M,859646165810-8,0201--关注1,0300--次级,关注,不良,次级,0.5,短期,山西省,公司流动贷款,2026-06-30,太原分行,00194,太原市营业部,"0108001,0140001,140105,00194",00194,301--已生效待下柜,2026-07-03,JB4459,2026-01-03,2026-07-03,,zxsq202601030008979,tz2026010300089FE,tz20251216000898S,FXQYF960L53663733794107317684414557758738,XYED2026010300000089,xytz2026010300089RD,xyht20260103000895M,1--是,900000000087,01--融资人,tz2026010300089FE,FXQYF960L53663733794107317684414557758738,,,,01700Y01,0--浮动值浮动,1--不分段计息,3--利随本清,流动资金额度循环贷款,10107--流动资金额度循环贷款,2002--组合债项,105070000,0700--连连贷,01--人民币,02--到期还款,30101--住房抵押,C3511,C3511--矿山机械制造,18,113101,113101--普通短期贷款,企业法人,基础客户,长尾,159,140105--山西省--太原市--小店区,B0201--港澳台相对控股,2026-03-23 10:57:54,2026-05-15 14:13:01,0008--主合同(企金合同),1001--传统企金业务模板,1,CREDIT,0,0-不属于战略性新兴产业,10107--流动资金额度循环贷款,1.0,,无,C3511--矿山机械制造,227.18,1363.07
2026-06-30,900000000018,A00018,新科电子股份有限公司,2025051300090E4,697377219369-9,0102--正常2,0101--正常1,正常,正常,正常,7.0,长期,江苏省,公司固定贷款,2026-06-30,南京分行,00196,南京市中心支行,"0108001,0140001,320106,00196",00196,301--已生效待下柜,2032-05-13,JB1318,2025-05-13,2032-05-13,,zxsq20250513000909Q,tz2025051300090SZ,tz2025042700090Z7,FXQYF835L47145358680183755818042372576557,,,,1--是,900000000018,01--融资人,tz2025051300090SZ,FXQYF835L47145358680183755818042372576557,,,,01700Y01,0--浮动值浮动,5--满季分段计息,3--利随本清,公司厂房按揭贷款,1010305--公司厂房按揭贷款,2001--单一债项,105030500,0100--正常申请,01--人民币,0102--分期等额本息,201--公司法人保证,G5443,G5443--公路管理与养护,56,113301,113301--普通长期贷款,企业法人,成长客户,潜力,130,320106--江苏省--南京市--鼓楼区,B0302--外商绝对控股,2025-06-17 11:36:31,2026-05-31 11:18:01,0008--主合同(企金合同),1001--传统企金业务模板,1,CRM,0,0-不属于战略性新兴产业,1010305--公司厂房按揭贷款,1.0,,无,G5443--公路管理与养护,5793.98,6497.92
2026-06-30,900000000055,A00055,宏泰能源股份有限公司,20251223000911V,990054258834-4,0102--正常2,0102--正常2,正常,正常,正常,0.5,短期,云南省,公司流动贷款,2026-06-30,昆明分行,00194,昆明市城北支行,"0108001,0140001,530103,00194",00194,301--已生效待下柜,2026-06-23,JB6534,2025-12-23,2026-06-23,,zxsq20251223000917M,tz20251223000912G,tz2025121700091WQ,FXQYF474L22631698104345076125280738142255,,,,1--是,900000000055,01--融资人,tz20251223000912G,FXQYF474L22631698104345076125280738142255,,,,01700Y05,0--浮动值浮动,1--不分段计息,0--按月计息,公司结算帐户透支,1010401--公司结算帐户透支,2001--单一债项,105040100,0100--正常申请,01--人民币,0102--分期等额本息,30102--商业用房抵押,C3849,C3849--其他电池制造,24,125110,125110--单位结算账户透支,企业法人,重点客户,价值,110,530103--云南省--昆明市--盘龙区,B0301--外商相对控股,2026-01-23 08:17:07,2026-06-13 14:05:24,0008--主合同(企金合同),1001--传统企金业务模板,1,CREDIT,0,0-不属于战略性新兴产业,1010401--公司结算帐户透支,1.0,宏泰产业集团有限公司,有,C3849--其他电池制造,162.6,3251.96
2026-06-30,900000000075,A00075,嘉禾食品股份有限公司,2024011500092RR,690533459979-6,0203--关注3,0101--正常1,关注,正常,正常,7.0,长期,吉林省,公司固定贷款,2026-06-30,长春分行,00194,长春市城南支行,"0108001,0140001,220102,00194",00194,301--已生效待下柜,2031-01-15,JB1580,2024-01-15,2031-02-14,,zxsq2024011500092VZ,tz2024011500092XJ,tz2023123000092MV,FXQYF820L87483706404317597438711065468255,XYED2024011500000092,xytz2024011500092RV,xyht20240115000922J,1--是,900000000075,01--融资人,tz2024011500092XJ,FXQYF820L87483706404317597438711065468255,,,,14802D01,0--浮动值浮动,5--满季分段计息,0--按月计息,银团贷款,10108--银团贷款,2001--单一债项,105080000,0800--循环贷续作,01--人民币,03--分期还款（不规则期限还款）,30101--住房抵押,N7861,N7861--名胜风景区管理,97,113501,113501--银团贷款出资额,企业法人,基础客户,长尾,174,220102--吉林省--长春市--南关区,A0101--国有相对控股,2024-04-09 13:47:13,2025-06-10 10:29:24,0008--主合同(企金合同),1001--传统企金业务模板,1,LOAN_CORE,0,0-不属于战略性新兴产业,10108--银团贷款,1.0,,无,N7861--名胜风景区管理,1697.91,2239.0
2026-06-30,900000000012,A00012,众联科技有限公司,2025061300093VT,286144213035-4,0101--正常1,0103--正常3,正常,正常,正常,2.0,中期,青海省,公司流动贷款,2026-06-30,西宁分行,00197,西宁市城北支行,"0108001,0140001,630104,00197",00197,301--已生效待下柜,2027-06-13,JB8085,2025-06-13,2027-07-13,,zxsq20250613000937U,tz2025061300093NT,tz20250607000939V,FXQYF741L32881777364274732280021035139200,,,,1--是,900000000012,01--融资人,tz2025061300093NT,FXQYF741L32881777364274732280021035139200,DSFED2025061300000093,dstz2025061300093VW,900000000007,01700Y01,0--浮动值浮动,1--不分段计息,0--按月计息,流动资金额度循环贷款,10107--流动资金额度循环贷款,2001--单一债项,105070000,0800--循环贷续作,01--人民币,0101--分期等额本金,41699--其他应收账款质押,C2770,C2770--卫生材料及医药用品制造,77,113201,113201--普通中期贷款,企业法人,重点客户,价值,120,630104--青海省--西宁市--城西区,B0102--私人绝对控股,2025-07-27 17:40:11,2026-05-07 15:26:54,0008--主合同(企金合同),1001--传统企金业务模板,1,CRM,0,0-不属于战略性新兴产业,10107--流动资金额度循环贷款,1.0,宏泰产业集团有限公司,有,C2770--卫生材料及医药用品制造,691.11,1929.59
2026-06-30,900000000043,A00043,卓越科技有限公司,2026030800094OU,315564422740-2,0101--正常1,0103--正常3,正常,正常,正常,7.0,长期,山西省,公司固定贷款,2026-06-30,太原分行,00199,太原市营业部,"0108001,0140001,140105,00199",00199,301--已生效待下柜,2033-03-08,JB6438,2026-03-08,2033-05-07,,zxsq2026030800094BG,tz2026030800094QI,tz2026022800094KR,FXQYF436L54184378003240753630680398461359,,,,1--是,900000000043,01--融资人,tz2026030800094QI,FXQYF436L54184378003240753630680398461359,,,,01700Y01,0--浮动值浮动,1--不分段计息,0--按月计息,其他固定资产贷款,1010299--其他固定资产贷款,2001--单一债项,105029900,0100--正常申请,01--人民币,03--分期还款（不规则期限还款）,30103--办公用房抵押,G5431,G5431--普通货物道路运输,59,113301,113301--普通长期贷款,企业法人,基础客户,长尾,120,140105--山西省--太原市--小店区,B0202--港澳台绝对控股,2026-05-28 09:04:13,2026-06-13 11:51:06,0008--主合同(企金合同),1001--传统企金业务模板,1,CRM,0,0-不属于战略性新兴产业,1010299--其他固定资产贷款,1.0,,无,G5431--普通货物道路运输,2899.24,2973.58
2026-06-30,900000000004,A00004,嘉禾电子有限公司,20260302000951C,739638074427-5,0101--正常1,0102--正常2,正常,正常,正常,7.0,长期,湖南省,公司固定贷款,2026-06-30,长沙分行,00199,长沙市中心支行,"0108001,0140001,430104,00199",00199,301--已生效待下柜,2033-03-02,JB3878,2026-03-02,2033-05-01,,zxsq2026030200095XC,tz20260302000958R,tz2026022000095MV,FXQYF972L68025946453882750637369118536987,,,,1--是,900000000004,01--融资人,tz20260302000958R,FXQYF972L68025946453882750637369118536987,,,,01700Y05,0--浮动值浮动,1--不分段计息,3--利随本清,公司厂房按揭贷款,1010305--公司厂房按揭贷款,2001--单一债项,105030500,0700--连连贷,01--人民币,02--到期还款,41699--其他应收账款质押,C3821,C3821--变压器、整流器和电感器制造,81,113301,113301--普通长期贷款,企业法人,重点客户,价值,110,430104--湖南省--长沙市--岳麓区,A0102--国有绝对控股,2026-04-24 14:29:10,2026-06-09 11:33:07,0008--主合同(企金合同),1001--传统企金业务模板,1,LOAN_CORE,4,4-生物产业,1010305--公司厂房按揭贷款,1.0,,无,C3821--变压器、整流器和电感器制造,1336.95,1371.23
2026-06-30,900000000074,A00074,中恒制造集团有限公司,2023042900096I1,341306403519-3,0102--正常2,0203--关注3,正常,关注,关注,10.0,长期,重庆市,公司固定贷款,2026-06-30,重庆分行,00199,重庆市城北支行,"0108001,0140001,500103,00199",00199,301--已生效待下柜,2033-04-28,JB0570,2023-04-29,2033-04-28,,zxsq20230429000967I,tz202304290009683,tz20230413000962B,FXQYF059L55259800752273992390068863382678,,,,1--是,900000000074,01--融资人,tz202304290009683,FXQYF059L55259800752273992390068863382678,,,,01700Y01,0--浮动值浮动,1--不分段计息,0--按月计息,公司商用房按揭贷款,1010302--公司商用房按揭贷款,2001--单一债项,105030200,0700--连连贷,01--人民币,0101--分期等额本金,30299--其他土地使用权抵押,D4413,D4413--水力发电,86,113301,113301--普通长期贷款,企业法人,基础客户,长尾,159,500103--重庆市--重庆市--渝中区,B0201--港澳台相对控股,2023-07-22 15:33:31,2025-08-07 17:45:46,0008--主合同(企金合同),1001--传统企金业务模板,1,CREDIT,0,0-不属于战略性新兴产业,1010302--公司商用房按揭贷款,1.0,华盛产业集团有限公司,有,D4413--水力发电,2306.9,2963.9
2026-06-30,900000000078,A00078,华盛材料集团有限公司,2022091000097I6,634029586502-8,0102--正常2,0203--关注3,正常,关注,关注,2.0,中期,云南省,公司固定贷款,2026-06-30,昆明分行,00200,昆明市高新支行,"0108001,0140001,530103,00200",00200,301--已生效待下柜,2024-09-10,JB9518,2022-09-10,2024-10-10,,zxsq2022091000097N6,tz2022091000097N1,tz2022090400097CP,FXQYF961L03461159302733205570727813082082,,,,1--是,900000000078,01--融资人,tz2022091000097N1,FXQYF961L03461159302733205570727813082082,,,,01700Y05,0--浮动值浮动,5--满季分段计息,0--按月计息,公司厂房按揭贷款,1010305--公司厂房按揭贷款,2002--组合债项,105030500,0100--正常申请,01--人民币,02--到期还款,40102--定期保证金,F5111,F5111--谷物、豆及薯类批发,87,113201,113201--普通中期贷款,企业法人,风险客户,风险,120,530103--云南省--昆明市--盘龙区,A0201--集体相对控股,2022-10-26 15:19:27,2025-12-17 16:44:40,0008--主合同(企金合同),1001--传统企金业务模板,1,CREDIT,3,3-新材料产业,1010305--公司厂房按揭贷款,1.0,,无,F5111--谷物、豆及薯类批发,2249.52,6714.98
2026-06-30,900000000040,A00040,鼎盛食品集团有限公司,2025070700098CD,305910179865-1,0101--正常1,0101--正常1,正常,正常,正常,2.0,中期,山东省,公司固定贷款,2026-06-30,济南分行,00200,济南市营业部,"0108001,0140001,370102,00200",00200,301--已生效待下柜,2027-07-07,JB4838,2025-07-07,2027-07-07,,zxsq20250707000986K,tz2025070700098Z8,tz2025061800098U2,FXQYF649L39955985365268574720129663842594,,,,1--是,900000000040,01--融资人,tz2025070700098Z8,FXQYF649L39955985365268574720129663842594,,,,01700Y05,0--浮动值浮动,4--满月分段计息,0--按月计息,工业厂房开发贷款,1010208--工业厂房开发贷款,2001--单一债项,105020800,0100--正常申请,01--人民币,0101--分期等额本金,30103--办公用房抵押,C3393,C3393--锻件及粉末冶金制品制造,04,113201,113201--普通中期贷款,企业法人,基础客户,长尾,130,370102--山东省--济南市--历下区,A0102--国有绝对控股,2025-08-06 11:10:00,2025-12-18 11:43:01,0008--主合同(企金合同),1001--传统企金业务模板,1,LOAN_CORE,0,0-不属于战略性新兴产业,1010208--工业厂房开发贷款,1.0,瑞达产业集团有限公司,有,C3393--锻件及粉末冶金制品制造,2474.66,3643.67
2026-06-30,900000000048,A00048,启航科技有限公司,20240301000997C,329435995109-6,0101--正常1,0203--关注3,正常,关注,关注,2.0,中期,上海市,公司固定贷款,2026-06-30,上海分行,00214,上海市营业部,"0108001,0140001,310115,00214",00214,302--已生效终止下柜,2026-03-01,JB9240,2024-03-01,2026-03-01,2026-03-21,zxsq2024030100099TY,tz2024030100099CA,tz2024021300099W3,FXQYF378L25263015034782539390248155648517,XYED2024030100000099,xytz2024030100099L0,xyht2024030100099CC,1--是,900000000048,01--融资人,tz2024030100099CA,FXQYF378L25263015034782539390248155648517,,,,01700Y01,0--浮动值浮动,1--不分段计息,0--按月计息,并购贷款,10106--并购贷款,2001--单一债项,105060000,0800--循环贷续作,01--人民币,02--到期还款,306--在建工程,C3252,C3252--铝压延加工,51,113201,113201--普通中期贷款,企业法人,风险客户,风险,171,310115--上海市--上海市--浦东新区,B0201--港澳台相对控股,2024-04-11 13:17:20,2025-01-17 11:12:02,0008--主合同(企金合同),1001--传统企金业务模板,1,CREDIT,3,3-新材料产业,10106--并购贷款,1.0,,无,C3252--铝压延加工,0.0,9851.3
2026-06-30,900000000013,A00013,众联软件股份有限公司,2023021300100XW,546214678301-3,0103--正常3,0102--正常2,正常,正常,正常,0.5,短期,陕西省,公司流动贷款,2026-06-30,西安分行,00213,西安市城南支行,"0108001,0140001,610113,00213",00213,301--已生效待下柜,2023-08-13,JB6353,2023-02-13,2023-08-13,,zxsq2023021300100RZ,tz2023021300100S8,tz20230201001003H,FXQYF694L63517500359777120231746323392556,,,,1--是,900000000013,01--融资人,tz2023021300100S8,FXQYF694L63517500359777120231746323392556,,,,01700Y05,0--浮动值浮动,7--满年分段计息,1--按季计息,公司结算帐户透支,1010401--公司结算帐户透支,2001--单一债项,105040100,0100--正常申请,01--人民币,02--到期还款,30101--住房抵押,L7271,L7271--安全服务,08,125110,125110--单位结算账户透支,企业法人,重点客户,价值,149,610113--陕西省--西安市--雁塔区,B0101--私人相对控股,2023-04-02 10:57:25,2025-06-06 18:21:14,0008--主合同(企金合同),1001--传统企金业务模板,1,LOAN_CORE,0,0-不属于战略性新兴产业,1010401--公司结算帐户透支,1.0,新科产业集团有限公司,有,L7271--安全服务,840.64,2096.61
2026-06-30,900000000096,A00096,瑞达电子有限公司,2024022900101HX,872347569782-7,0102--正常2,0102--正常2,正常,正常,正常,2.0,中期,四川省,公司固定贷款,2026-06-30,成都分行,00208,成都市中心支行,"0108001,0140001,510107,00208",00208,301--已生效待下柜,2026-02-28,JB2492,2024-02-29,2026-02-28,,zxsq2024022900101XK,tz2024022900101P9,tz20240219001014K,FXQYF341L85782312146533693200098783178309,XYED2024022900000101,xytz2024022900101XH,xyht2024022900101EG,1--是,900000000096,01--融资人,tz2024022900101P9,FXQYF341L85782312146533693200098783178309,,,,01700Y05,0--浮动值浮动,1--不分段计息,0--按月计息,公司厂房按揭贷款,1010305--公司厂房按揭贷款,2002--组合债项,105030500,0100--正常申请,01--人民币,02--到期还款,203--专业担保公司保证,C2720,C2720--化学药品制剂制造,61,113201,113201--普通中期贷款,企业法人,重点客户,价值,130,510107--四川省--成都市--武侯区,B0102--私人绝对控股,2024-04-06 11:17:13,2025-12-07 13:34:31,0008--主合同(企金合同),1001--传统企金业务模板,1,CRM,1,1-新一代信息技术产业,1010305--公司厂房按揭贷款,1.0,嘉禾产业集团有限公司,有,C2720--化学药品制剂制造,525.4,1568.37
2026-06-30,900000000099,A00099,星海软件有限公司,2023072400102TZ,824798460899-6,0203--关注3,0201--关注1,关注,关注,关注,3.0,中期,福建省,公司固定贷款,2026-06-30,莆田分行,00404,莆田市城南支行,"0108001,0140001,350302,00404",00404,301--已生效待下柜,2026-07-24,JB7376,2023-07-24,2026-07-24,,zxsq202307240010278,tz2023072400102YE,tz2023070500102JF,FXQYF242L43208603805515520898451599094278,,,,1--是,900000000099,01--融资人,tz2023072400102YE,FXQYF242L43208603805515520898451599094278,,,,14802D01,0--浮动值浮动,4--满月分段计息,0--按月计息,并购贷款,10106--并购贷款,2002--组合债项,105060000,0100--正常申请,01--人民币,0102--分期等额本息,30102--商业用房抵押,Q8421,Q8421--社区卫生服务中心（站）,48,113201,113201--普通中期贷款,企业法人,成长客户,潜力,149,350302--福建省--莆田市--城厢区,B0102--私人绝对控股,2023-09-01 17:49:56,2026-03-30 15:01:25,0008--主合同(企金合同),1001--传统企金业务模板,1,LOAN_CORE,0,0-不属于战略性新兴产业,10106--并购贷款,1.0,,无,Q8421--社区卫生服务中心（站）,2959.91,3690.24
2026-06-30,900000000022,A00022,新科食品集团有限公司,2026060400103VX,998755715418-6,0103--正常3,0201--关注1,正常,关注,关注,1.0,短期,内蒙古自治区,公司流动贷款,2026-06-30,呼和浩特分行,00205,呼和浩特市城北支行,"0108001,0140001,150102,00205",00205,301--已生效待下柜,2027-06-04,JB1978,2026-06-04,2027-06-04,,zxsq2026060400103LX,tz2026060400103W7,tz2026051700103CC,FXQYF393L72918975215816901220377023516157,,,,1--是,900000000022,01--融资人,tz2026060400103W7,FXQYF393L72918975215816901220377023516157,,,,01700Y05,0--浮动值浮动,5--满季分段计息,0--按月计息,公司流动资金贷款,10101--公司流动资金贷款,2001--单一债项,105030000,0100--正常申请,01--人民币,02--到期还款,201--公司法人保证,C3032,C3032--建筑用石加工,10,113101,113101--普通短期贷款,企业法人,基础客户,长尾,110,150102--内蒙古自治区--呼和浩特市--新城区,B0101--私人相对控股,2026-06-30 09:45:48,2026-06-30 17:41:33,0008--主合同(企金合同),1001--传统企金业务模板,1,LOAN_CORE,0,0-不属于战略性新兴产业,10101--公司流动资金贷款,1.0,新科产业集团有限公司,有,C3032--建筑用石加工,3800.63,3800.63
2026-06-30,900000000010,A00010,华盛机械集团有限公司,2022010900104CP,153576044335-7,0101--正常1,0201--关注1,正常,关注,关注,10.0,长期,黑龙江省,公司固定贷款,2026-06-30,哈尔滨分行,00207,哈尔滨市城北支行,"0108001,0140001,230103,00207",00207,301--已生效待下柜,2032-01-09,JB0627,2022-01-09,2032-01-09,,zxsq202201090010464,tz2022010900104M8,tz2022010100104BH,FXQYF939L99740967155519195339731142627047,,,,1--是,900000000010,01--融资人,tz2022010900104M8,FXQYF939L99740967155519195339731142627047,,,,01700Y01,0--浮动值浮动,1--不分段计息,0--按月计息,银团贷款,10108--银团贷款,2001--单一债项,105080000,0100--正常申请,01--人民币,0101--分期等额本金,30102--商业用房抵押,C2412,C2412--笔的制造,53,113501,113501--银团贷款出资额,企业法人,基础客户,长尾,141,230103--黑龙江省--哈尔滨市--南岗区,B0201--港澳台相对控股,2022-04-03 18:15:43,2026-01-08 10:25:41,0008--主合同(企金合同),1001--传统企金业务模板,1,CREDIT,0,0-不属于战略性新兴产业,10108--银团贷款,1.0,,无,C2412--笔的制造,3600.9,6449.37
2026-06-30,900000000099,A00099,星海软件有限公司,20260407001056W,615249099291-9,0101--正常1,0102--正常2,正常,正常,正常,7.0,长期,福建省,公司固定贷款,2026-06-30,莆田分行,00407,莆田市城南支行,"0108001,0140001,350302,00407",00407,301--已生效待下柜,2033-04-07,JB0648,2026-04-07,2033-04-07,,zxsq20260407001058N,tz2026040700105M7,tz2026031800105S5,FXQYF927L87033966237224648867718688731561,XYED2026040700000105,xytz20260407001055K,xyht20260407001057N,1--是,900000000099,01--融资人,tz2026040700105M7,FXQYF927L87033966237224648867718688731561,DSFED2026040700000105,dstz2026040700105BX,900000000004,01700Y05,0--浮动值浮动,1--不分段计息,0--按月计息,银团贷款,10108--银团贷款,2001--单一债项,105080000,0700--连连贷,01--人民币,0101--分期等额本金,40101--活期保证金,Q8421,Q8421--社区卫生服务中心（站）,30,113501,113501--银团贷款出资额,企业法人,重点客户,价值,120,350302--福建省--莆田市--城厢区,A0201--集体相对控股,2026-05-16 14:33:49,2026-06-10 11:18:01,0008--主合同(企金合同),1001--传统企金业务模板,1,CREDIT,7,7-节能环保产业,10108--银团贷款,1.0,,无,Q8421--社区卫生服务中心（站）,4978.28,5062.66
2026-06-30,900000000041,A00041,众联食品集团有限公司,2023030700106J2,899958563181-2,0102--正常2,0201--关注1,正常,关注,关注,1.0,短期,湖北省,公司流动贷款,2026-06-30,武汉分行,00212,武汉市城北支行,"0108001,0140001,420106,00212",00212,301--已生效待下柜,2024-03-07,JB9944,2023-03-07,2024-03-07,,zxsq20230307001062N,tz2023030700106NZ,tz202302200010636,FXQYF852L99587772799092018619880831168840,,,,1--是,900000000041,01--融资人,tz2023030700106NZ,FXQYF852L99587772799092018619880831168840,,,,01700Y01,0--浮动值浮动,1--不分段计息,0--按月计息,公司结算帐户透支,1010401--公司结算帐户透支,2001--单一债项,105040100,0100--正常申请,01--人民币,02--到期还款,101--一般信用,M7340,M7340--医学研究和试验发展,36,125110,125110--单位结算账户透支,企业法人,风险客户,风险,130,420106--湖北省--武汉市--武昌区,A0201--集体相对控股,2023-04-10 10:30:06,2025-09-21 15:51:32,0008--主合同(企金合同),1001--传统企金业务模板,1,CRM,0,0-不属于战略性新兴产业,1010401--公司结算帐户透支,1.0,星海产业集团有限公司,有,M7340--医学研究和试验发展,3547.16,10588.54
2026-06-30,900000000081,A00081,众联制造集团有限公司,2025040700107V4,247265166566-4,0101--正常1,0201--关注1,正常,关注,关注,3.0,中期,黑龙江省,公司流动贷款,2026-06-30,哈尔滨分行,00210,哈尔滨市城南支行,"0108001,0140001,230103,00210",00210,301--已生效待下柜,2028-04-07,JB4649,2025-04-07,2028-04-07,,zxsq202504070010702,tz20250407001072J,tz2025031800107VN,FXQYF671L13669516926866706000792269287314,,,,1--是,900000000081,01--融资人,tz20250407001072J,FXQYF671L13669516926866706000792269287314,,,,14802D01,0--浮动值浮动,4--满月分段计息,9--满季计息,公司流动资金贷款,10101--公司流动资金贷款,2001--单一债项,105030000,0100--正常申请,01--人民币,02--到期还款,41003--非上市公司股权质押,C3670,C3670--汽车零部件及配件制造,94,113201,113201--普通中期贷款,企业法人,重点客户,价值,190,230103--黑龙江省--哈尔滨市--南岗区,B0202--港澳台绝对控股,2025-04-24 17:56:59,2025-11-22 13:39:43,0008--主合同(企金合同),1001--传统企金业务模板,1,CRM,4,4-生物产业,10101--公司流动资金贷款,1.0,,无,C3670--汽车零部件及配件制造,2107.82,5609.31
2026-06-30,900000000071,A00071,嘉禾能源股份有限公司,20240122001088B,601708933727-7,0102--正常2,0101--正常1,正常,正常,正常,3.0,中期,湖南省,公司固定贷款,2026-06-30,长沙分行,00212,长沙市城南支行,"0108001,0140001,430104,00212",00212,301--已生效待下柜,2027-01-22,JB1209,2024-01-22,2027-01-22,,zxsq2024012200108MO,tz2024012200108EL,tz2024011600108NM,FXQYF606L35788147164578327110221261693592,,,,1--是,900000000071,01--融资人,tz2024012200108EL,FXQYF606L35788147164578327110221261693592,,,,01700Y05,0--浮动值浮动,1--不分段计息,2--按年计息,工业厂房开发贷款,1010208--工业厂房开发贷款,2001--单一债项,105020800,0100--正常申请,01--人民币,0102--分期等额本息,30202--工业用地土地使用权抵押,F5213,F5213--便利店零售,99,113201,113201--普通中期贷款,企业法人,成长客户,潜力,110,430104--湖南省--长沙市--岳麓区,A0101--国有相对控股,2024-04-16 09:09:50,2026-03-19 18:51:24,0008--主合同(企金合同),1001--传统企金业务模板,1,LOAN_CORE,0,0-不属于战略性新兴产业,1010208--工业厂房开发贷款,1.0,嘉禾产业集团有限公司,有,F5213--便利店零售,884.3,4547.82
2026-06-30,900000000016,A00016,宏泰建设集团有限公司,20220913001097O,806052353529-2,0203--关注3,0101--正常1,关注,正常,正常,7.0,长期,山东省,公司固定贷款,2026-06-30,济南分行,00211,济南市高新支行,"0108001,0140001,370102,00211",00211,301--已生效待下柜,2029-09-13,JB3399,2022-09-13,2029-11-12,,zxsq2022091300109UP,tz2022091300109WK,tz2022091200109RR,FXQYF730L09985238114936081514878181574157,,,,1--是,900000000016,01--融资人,tz2022091300109WK,FXQYF730L09985238114936081514878181574157,,,,01700Y05,0--浮动值浮动,1--不分段计息,3--利随本清,公司商用房按揭贷款,1010302--公司商用房按揭贷款,2001--单一债项,105030200,0302--重组-借新还旧（不变更主体）,01--人民币,02--到期还款,30201--商业用地土地使用权抵押,F5162,F5162--石油及制品批发,98,113301,113301--普通长期贷款,企业法人,重点客户,价值,190,370102--山东省--济南市--历下区,B0301--外商相对控股,2022-11-07 16:19:11,2025-04-05 09:22:09,0008--主合同(企金合同),1001--传统企金业务模板,1,LOAN_CORE,2,2-高端装备制造产业,1010302--公司商用房按揭贷款,1.0,,无,F5162--石油及制品批发,642.32,1383.46
2026-06-30,900000000066,A00066,星海能源股份有限公司,20230316001106Z,993524117632-8,0300--次级,0102--正常2,不良,正常,正常,2.0,中期,北京市,公司流动贷款,2026-06-30,北京分行,00215,北京市高新支行,"0108001,0140001,110105,00215",00215,302--已生效终止下柜,2025-03-16,JB0227,2023-03-16,2025-03-16,2025-03-30,zxsq2023031600110JS,tz2023031600110H5,tz2023031200110YP,FXQYF310L52844293352594974975243056781606,,,,1--是,900000000066,01--融资人,tz2023031600110H5,FXQYF310L52844293352594974975243056781606,,,,01700Y01,0--浮动值浮动,1--不分段计息,1--按季计息,公司流动资金贷款,10101--公司流动资金贷款,2002--组合债项,105030000,0100--正常申请,01--人民币,0101--分期等额本金,40102--定期保证金,K7040,K7040--房地产租赁经营,85,113201,113201--普通中期贷款,企业法人,成长客户,潜力,174,110105--北京市--北京市--朝阳区,A0101--国有相对控股,2023-03-27 08:20:39,2025-08-20 13:52:28,0008--主合同(企金合同),1001--传统企金业务模板,1,LOAN_CORE,0,0-不属于战略性新兴产业,10101--公司流动资金贷款,1.0,新科产业集团有限公司,有,K7040--房地产租赁经营,0.0,12703.11
2026-06-30,900000000086,A00086,星海食品有限公司,2024062700111PC,401505564800-1,0103--正常3,0103--正常3,正常,正常,正常,2.0,中期,天津市,公司固定贷款,2026-06-30,天津分行,00212,天津市城南支行,"0108001,0140001,120101,00212",00212,301--已生效待下柜,2026-06-27,JB1778,2024-06-27,2026-08-26,,zxsq2024062700111ZV,tz20240627001110R,tz2024061100111CA,FXQYF700L09810259761860615670089180280303,,,,1--是,900000000086,01--融资人,tz20240627001110R,FXQYF700L09810259761860615670089180280303,,,,14802D01,0--浮动值浮动,4--满月分段计息,1--按季计息,公司商用房按揭贷款,1010302--公司商用房按揭贷款,2001--单一债项,105030200,0100--正常申请,01--人民币,0102--分期等额本息,40904--商业承兑汇票质押,C1369,C1369--其他水产品加工,45,113201,113201--普通中期贷款,企业法人,成长客户,潜力,130,120101--天津市--天津市--和平区,A0201--集体相对控股,2024-08-29 13:00:43,2026-01-11 14:46:40,0008--主合同(企金合同),1001--传统企金业务模板,1,CRM,0,0-不属于战略性新兴产业,1010302--公司商用房按揭贷款,1.0,嘉禾产业集团有限公司,有,C1369--其他水产品加工,1173.46,1461.71
2026-06-30,900000000085,A00085,鼎盛商贸有限公司,2025101100112AB,739927999996-5,0101--正常1,0102--正常2,正常,正常,正常,0.5,短期,陕西省,公司流动贷款,2026-06-30,西安分行,00225,西安市营业部,"0108001,0140001,610113,00225",00225,301--已生效待下柜,2026-04-11,JB4319,2025-10-11,2026-04-11,,zxsq2025101100112KL,tz2025101100112KD,tz20250927001125Z,FXQYF226L13270272208874323454698363167324,,,,1--是,900000000085,01--融资人,tz2025101100112KD,FXQYF226L13270272208874323454698363167324,,,,14802D01,0--浮动值浮动,1--不分段计息,3--利随本清,流动资金额度循环贷款,10107--流动资金额度循环贷款,2001--单一债项,105070000,0100--正常申请,01--人民币,02--到期还款,30202--工业用地土地使用权抵押,G5431,G5431--普通货物道路运输,90,113101,113101--普通短期贷款,企业法人,成长客户,潜力,171,610113--陕西省--西安市--雁塔区,B0202--港澳台绝对控股,2025-11-17 15:13:19,2026-05-31 18:35:16,0008--主合同(企金合同),1001--传统企金业务模板,1,CRM,2,2-高端装备制造产业,10107--流动资金额度循环贷款,1.0,新科产业集团有限公司,有,G5431--普通货物道路运输,369.78,7395.62
2026-06-30,900000000018,A00018,新科电子股份有限公司,202312300011363,753674732439-8,0101--正常1,0300--次级,正常,不良,次级,2.0,中期,江苏省,公司固定贷款,2026-06-30,南京分行,00219,南京市城北支行,"0108001,0140001,320106,00219",00219,301--已生效待下柜,2025-12-28,JB9229,2023-12-30,2025-12-28,,zxsq2023123000113XA,tz2023123000113R5,tz2023121700113LI,FXQYF519L73437537626278346047196446531443,,,,1--是,900000000018,01--融资人,tz2023123000113R5,FXQYF519L73437537626278346047196446531443,,,,01700Y05,0--浮动值浮动,1--不分段计息,4--手工计息,项目贷款,1010203--项目贷款,2001--单一债项,105020300,0100--正常申请,01--人民币,02--到期还款,40101--活期保证金,G5443,G5443--公路管理与养护,24,113201,113201--普通中期贷款,企业法人,基础客户,长尾,141,320106--江苏省--南京市--鼓楼区,B0101--私人相对控股,2024-02-08 13:07:22,2026-02-10 11:34:17,0008--主合同(企金合同),1001--传统企金业务模板,1,LOAN_CORE,4,4-生物产业,1010203--项目贷款,1.0,,无,G5443--公路管理与养护,1507.24,1579.04
2026-06-30,900000000012,A00012,众联科技有限公司,2023060300114JE,660368103504-5,0203--关注3,0300--次级,关注,不良,次级,2.0,中期,青海省,公司流动贷款,2026-06-30,西宁分行,00218,西宁市中心支行,"0108001,0140001,630104,00218",00218,301--已生效待下柜,2025-06-03,JB5946,2023-06-03,2025-08-02,,zxsq202306030011490,tz2023060300114ED,tz2023053000114TU,FXQYF960L35862515966909612695214932158203,,,,1--是,900000000012,01--融资人,tz2023060300114ED,FXQYF960L35862515966909612695214932158203,,,,01700Y01,0--浮动值浮动,4--满月分段计息,0--按月计息,公司流动资金贷款,10101--公司流动资金贷款,2001--单一债项,105030000,0302--重组-借新还旧（不变更主体）,14--美元,02--到期还款,203--专业担保公司保证,C2770,C2770--卫生材料及医药用品制造,08,113201,113201--普通中期贷款,企业法人,基础客户,长尾,110,630104--青海省--西宁市--城西区,B0202--港澳台绝对控股,2023-08-05 13:26:36,2025-12-21 08:51:08,0008--主合同(企金合同),1001--传统企金业务模板,1,CREDIT,0,0-不属于战略性新兴产业,10101--公司流动资金贷款,7.0777781035,宏泰产业集团有限公司,有,C2770--卫生材料及医药用品制造,560.19,1672.2
2026-06-30,900000000041,A00041,众联食品集团有限公司,2022101800115MB,655256814917-5,0103--正常3,0101--正常1,正常,正常,正常,3.0,中期,湖北省,公司流动贷款,2026-06-30,武汉分行,00221,武汉市城北支行,"0108001,0140001,420106,00221",00221,302--已生效终止下柜,2025-10-18,JB0281,2022-10-18,2025-11-17,2025-11-22,zxsq2022101800115QD,tz2022101800115R8,tz2022100900115IF,FXQYF186L22878712549473090294551118110513,XYED2022101800000115,xytz2022101800115G0,xyht2022101800115RD,1--是,900000000041,01--融资人,tz2022101800115R8,FXQYF186L22878712549473090294551118110513,,,,01700Y05,0--浮动值浮动,1--不分段计息,2--按年计息,流动资金额度循环贷款,10107--流动资金额度循环贷款,2001--单一债项,105070000,0100--正常申请,01--人民币,02--到期还款,41003--非上市公司股权质押,M7340,M7340--医学研究和试验发展,48,113201,113201--普通中期贷款,企业法人,重点客户,价值,141,420106--湖北省--武汉市--武昌区,A0201--集体相对控股,2022-12-06 14:16:45,2025-04-15 15:40:52,0008--主合同(企金合同),1001--传统企金业务模板,1,CREDIT,0,0-不属于战略性新兴产业,10107--流动资金额度循环贷款,1.0,星海产业集团有限公司,有,M7340--医学研究和试验发展,0.0,2152.97
2026-06-30,900000000056,A00056,卓越科技集团有限公司,2026050100116QK,848928139451-2,0101--正常1,0101--正常1,正常,正常,正常,5.0,中期,福建省,公司固定贷款,2026-06-30,宁德分行,01018,宁德市营业部,"0108001,0140001,350902,01018",01018,301--已生效待下柜,2031-05-01,JB1643,2026-05-01,2031-05-01,,zxsq2026050100116X0,tz2026050100116HR,tz2026043000116US,FXQYF073L37387492773686681446130726441302,XYED2026050100000116,xytz2026050100116QG,xyht20260501001169T,1--是,900000000056,01--融资人,tz2026050100116HR,FXQYF073L37387492773686681446130726441302,,,,01700Y01,0--浮动值浮动,7--满年分段计息,1--按季计息,并购贷款,10106--并购贷款,2002--组合债项,105060000,0301--重组-借新还旧（变更主体）,01--人民币,0102--分期等额本息,202--自然人保证,C2023,C2023--刨花板制造,95,113201,113201--普通中期贷款,企业法人,重点客户,价值,159,350902--福建省--宁德市--蕉城区,B0202--港澳台绝对控股,2026-06-30 11:06:07,2026-06-30 10:35:57,0008--主合同(企金合同),1001--传统企金业务模板,1,CRM,7,7-节能环保产业,10106--并购贷款,1.0,,无,C2023--刨花板制造,3510.65,3570.15
2026-06-30,900000000063,A00063,星海医药股份有限公司,2025072000117GL,637759933643-4,0101--正常1,0300--次级,正常,不良,次级,10.0,长期,山东省,公司固定贷款,2026-06-30,济南分行,00219,济南市城北支行,"0108001,0140001,370102,00219",00219,301--已生效待下柜,2035-07-20,JB0764,2025-07-20,2035-07-20,,zxsq2025072000117HN,tz2025072000117H7,tz2025070300117RP,FXQYF152L84457530798021068102752508962530,,,,1--是,900000000063,01--融资人,tz2025072000117H7,FXQYF152L84457530798021068102752508962530,,,,14802D01,0--浮动值浮动,1--不分段计息,0--按月计息,公司商用房按揭贷款,1010302--公司商用房按揭贷款,2001--单一债项,105030200,0100--正常申请,01--人民币,02--到期还款,30202--工业用地土地使用权抵押,C3514,C3514--建筑工程用机械制造,14,113301,113301--普通长期贷款,企业法人,基础客户,长尾,190,370102--山东省--济南市--历下区,A0201--集体相对控股,2025-08-28 14:27:24,2026-02-13 15:23:54,0008--主合同(企金合同),1001--传统企金业务模板,1,CREDIT,0,0-不属于战略性新兴产业,1010302--公司商用房按揭贷款,1.0,,无,C3514--建筑工程用机械制造,6247.43,6877.91
2026-06-30,900000000024,A00024,瑞达商贸有限公司,2022091300118N6,911795027961-3,0101--正常1,0101--正常1,正常,正常,正常,0.5,短期,贵州省,公司流动贷款,2026-06-30,贵阳分行,00233,贵阳市城南支行,"0108001,0140001,520115,00233",00233,302--已生效终止下柜,2023-03-13,JB7477,2022-09-13,2023-03-13,2023-03-30,zxsq20220913001186T,tz2022091300118YT,tz202209080011858,FXQYF115L96853271384776630716332821389204,XYED2022091300000118,xytz20220913001185T,xyht2022091300118DX,1--是,900000000024,01--融资人,tz2022091300118YT,FXQYF115L96853271384776630716332821389204,,,,01700Y01,0--浮动值浮动,1--不分段计息,1--按季计息,公司结算帐户透支,1010401--公司结算帐户透支,2001--单一债项,105040100,0100--正常申请,01--人民币,0102--分期等额本息,30101--住房抵押,C1469,C1469--其他调味品、发酵制品制造,88,125110,125110--单位结算账户透支,企业法人,重点客户,价值,159,520115--贵州省--贵阳市--观山湖区,B0101--私人相对控股,2022-11-03 08:22:47,2025-02-12 10:10:21,0008--主合同(企金合同),1001--传统企金业务模板,1,CRM,0,0-不属于战略性新兴产业,1010401--公司结算帐户透支,1.0,新科产业集团有限公司,有,C1469--其他调味品、发酵制品制造,0.0,4132.86
2026-06-30,900000000076,A00076,鼎盛医药集团有限公司,20220608001193Q,281744351972-6,0101--正常1,0102--正常2,正常,正常,正常,2.0,中期,青海省,公司固定贷款,2026-06-30,西宁分行,00223,西宁市城北支行,"0108001,0140001,630104,00223",00223,302--已生效终止下柜,2024-06-08,JB7358,2022-06-08,2024-07-08,2024-08-02,zxsq2022060800119SQ,tz2022060800119T3,tz2022060300119BP,FXQYF083L50262104549097946683112849971974,XYED2022060800000119,xytz2022060800119OP,xyht2022060800119C9,1--是,900000000076,01--融资人,tz2022060800119T3,FXQYF083L50262104549097946683112849971974,,,,14802D01,0--浮动值浮动,1--不分段计息,4--手工计息,公司住房开发贷款,1010201--公司住房开发贷款,2001--单一债项,105020100,0100--正常申请,01--人民币,02--到期还款,201--公司法人保证,E4790,E4790--其他房屋建筑业,71,113202,113202--中期住房开发贷款,企业法人,重点客户,价值,159,630104--青海省--西宁市--城西区,A0101--国有相对控股,2022-07-02 14:16:31,2026-04-11 15:13:01,0008--主合同(企金合同),1001--传统企金业务模板,1,LOAN_CORE,1,1-新一代信息技术产业,1010201--公司住房开发贷款,1.0,,无,E4790--其他房屋建筑业,0.0,7162.97
2026-06-30,900000000056,A00056,卓越科技集团有限公司,2024030900120TX,425372807535-3,0103--正常3,0101--正常1,正常,正常,正常,1.0,短期,福建省,公司流动贷款,2026-06-30,宁德分行,01022,宁德市营业部,"0108001,0140001,350902,01022",01022,302--已生效终止下柜,2025-03-09,JB2771,2024-03-09,2025-04-08,2025-05-01,zxsq2024030900120W5,tz2024030900120TS,tz2024030100120FB,FXQYF016L51917217679938947242685218087916,,,,1--是,900000000056,01--融资人,tz2024030900120TS,FXQYF016L51917217679938947242685218087916,,,,01700Y05,0--浮动值浮动,4--满月分段计息,0--按月计息,公司流动资金贷款,10101--公司流动资金贷款,2001--单一债项,105030000,0100--正常申请,01--人民币,02--到期还款,41302--收费权质押,C2023,C2023--刨花板制造,58,113101,113101--普通短期贷款,企业法人,风险客户,风险,110,350902--福建省--宁德市--蕉城区,B0201--港澳台相对控股,2024-05-06 12:44:23,2025-09-17 08:20:36,0008--主合同(企金合同),1001--传统企金业务模板,1,CRM,0,0-不属于战略性新兴产业,10101--公司流动资金贷款,1.0,,无,C2023--刨花板制造,0.0,1581.83
2026-06-30,900000000002,A00002,启航制造集团有限公司,2023102800121WY,313649131190-6,0103--正常3,0101--正常1,正常,正常,正常,3.0,中期,山东省,公司固定贷款,2026-06-30,青岛分行,00323,青岛市城南支行,"0108001,0140001,370202,00323",00323,301--已生效待下柜,2026-10-28,JB6393,2023-10-28,2026-10-28,,zxsq2023102800121F2,tz20231028001214M,tz2023102600121TX,FXQYF767L16781792645380079217512524118525,,,,1--是,900000000002,01--融资人,tz20231028001214M,FXQYF767L16781792645380079217512524118525,,,,01700Y05,0--浮动值浮动,1--不分段计息,2--按年计息,其他固定资产贷款,1010299--其他固定资产贷款,2001--单一债项,105029900,0100--正常申请,01--人民币,0102--分期等额本息,41699--其他应收账款质押,F5213,F5213--便利店零售,95,113201,113201--普通中期贷款,企业法人,重点客户,价值,174,370202--山东省--青岛市--市南区,A0201--集体相对控股,2023-12-29 14:54:15,2026-06-24 17:07:33,0008--主合同(企金合同),1001--传统企金业务模板,1,CRM,0,0-不属于战略性新兴产业,1010299--其他固定资产贷款,1.0,启航产业集团有限公司,有,F5213--便利店零售,1828.41,2047.0
2026-06-30,900000000017,A00017,远景物流有限公司,2022062500122MS,239149668455-2,0103--正常3,0201--关注1,正常,关注,关注,1.0,短期,江西省,公司流动贷款,2026-06-30,南昌分行,00235,南昌市城北支行,"0108001,0140001,360113,00235",00235,301--已生效待下柜,2023-06-25,JB7143,2022-06-25,2023-06-25,,zxsq2022062500122YJ,tz2022062500122WD,tz20220616001228G,FXQYF865L10086937130405559356718762173587,XYED2022062500000122,xytz2022062500122EB,xyht2022062500122SZ,1--是,900000000017,01--融资人,tz2022062500122WD,FXQYF865L10086937130405559356718762173587,,,,01700Y01,0--浮动值浮动,5--满季分段计息,1--按季计息,公司结算帐户透支,1010401--公司结算帐户透支,2001--单一债项,105040100,0100--正常申请,14--美元,0101--分期等额本金,201--公司法人保证,C2929,C2929--塑料零件及其他塑料制品制造,86,125110,125110--单位结算账户透支,企业法人,基础客户,长尾,130,360113--江西省--南昌市--红谷滩区,A0102--国有绝对控股,2022-09-14 14:32:34,2026-06-08 08:13:38,0008--主合同(企金合同),1001--传统企金业务模板,1,CRM,0,0-不属于战略性新兴产业,1010401--公司结算帐户透支,6.9098202725,,无,C2929--塑料零件及其他塑料制品制造,658.67,1966.19
2026-06-30,900000000060,A00060,鼎盛医药有限公司,2024082400123B7,338420959837-3,0300--次级,0101--正常1,不良,正常,正常,2.0,中期,安徽省,公司固定贷款,2026-06-30,合肥分行,00227,合肥市中心支行,"0108001,0140001,340104,00227",00227,301--已生效待下柜,2026-08-24,JB0016,2024-08-24,2026-08-24,,zxsq202408240012399,tz2024082400123BR,tz2024081600123F9,FXQYF820L61513194496983611290267415107520,,,,1--是,900000000060,01--融资人,tz2024082400123BR,FXQYF820L61513194496983611290267415107520,,,,01700Y01,0--浮动值浮动,1--不分段计息,0--按月计息,公司厂房按揭贷款,1010305--公司厂房按揭贷款,2001--单一债项,105030500,0100--正常申请,01--人民币,02--到期还款,40102--定期保证金,C3511,C3511--矿山机械制造,43,113201,113201--普通中期贷款,企业法人,重点客户,价值,190,340104--安徽省--合肥市--蜀山区,B0302--外商绝对控股,2024-10-23 09:07:50,2026-06-07 18:26:19,0008--主合同(企金合同),1001--传统企金业务模板,1,CRM,0,0-不属于战略性新兴产业,1010305--公司厂房按揭贷款,1.0,,无,C3511--矿山机械制造,67.54,810.53
2026-06-30,900000000064,A00064,华盛商贸股份有限公司,20240125001242Q,559752142382-4,0103--正常3,0103--正常3,正常,正常,正常,2.0,中期,陕西省,公司固定贷款,2026-06-30,西安分行,00237,西安市城北支行,"0108001,0140001,610113,00237",00237,301--已生效待下柜,2026-01-25,JB4733,2024-01-25,2026-01-25,,zxsq202401250012413,tz2024012500124KE,tz2024010900124HI,FXQYF698L75448601601039085210934399510397,XYED2024012500000124,xytz2024012500124TX,xyht20240125001243M,1--是,900000000064,01--融资人,tz2024012500124KE,FXQYF698L75448601601039085210934399510397,,,,14802D01,0--浮动值浮动,5--满季分段计息,0--按月计息,项目贷款,1010203--项目贷款,2001--单一债项,105020300,0100--正常申请,01--人民币,0101--分期等额本金,30104--厂房抵押,C2720,C2720--化学药品制剂制造,21,113201,113201--普通中期贷款,企业法人,重点客户,价值,171,610113--陕西省--西安市--雁塔区,B0301--外商相对控股,2024-03-24 10:11:42,2025-10-03 11:22:46,0008--主合同(企金合同),1001--传统企金业务模板,1,CREDIT,2,2-高端装备制造产业,1010203--项目贷款,1.0,,无,C2720--化学药品制剂制造,638.71,1906.61
2026-06-30,900000000040,A00040,鼎盛食品集团有限公司,2026041800125NB,802764183228-3,0300--次级,0102--正常2,不良,正常,正常,3.0,中期,山东省,公司固定贷款,2026-06-30,济南分行,00227,济南市中心支行,"0108001,0140001,370102,00227",00227,301--已生效待下柜,2029-04-18,JB8137,2026-04-18,2029-06-17,,zxsq2026041800125U9,tz2026041800125X7,tz20260407001258U,FXQYF846L46849620824706778938681141961301,,,,1--是,900000000040,01--融资人,tz2026041800125X7,FXQYF846L46849620824706778938681141961301,,,,01700Y01,0--浮动值浮动,1--不分段计息,4--手工计息,工业厂房开发贷款,1010208--工业厂房开发贷款,2001--单一债项,105020800,0100--正常申请,01--人民币,02--到期还款,30104--厂房抵押,C3393,C3393--锻件及粉末冶金制品制造,09,113201,113201--普通中期贷款,企业法人,重点客户,价值,120,370102--山东省--济南市--历下区,A0102--国有绝对控股,2026-04-27 18:50:36,2026-05-18 16:07:42,0008--主合同(企金合同),1001--传统企金业务模板,1,CREDIT,0,0-不属于战略性新兴产业,1010208--工业厂房开发贷款,1.0,瑞达产业集团有限公司,有,C3393--锻件及粉末冶金制品制造,3802.97,4026.67
2026-06-30,900000000084,A00084,宏泰材料股份有限公司,2024071400126FG,463459355654-6,0101--正常1,0201--关注1,正常,关注,关注,3.0,中期,山西省,公司固定贷款,2026-06-30,太原分行,00231,太原市营业部,"0108001,0140001,140105,00231",00231,301--已生效待下柜,2027-07-14,JB1182,2024-07-14,2027-08-13,,zxsq2024071400126J5,tz2024071400126UF,tz2024070400126ME,FXQYF196L46823267845620998024601412248886,XYED2024071400000126,xytz2024071400126WE,xyht2024071400126X8,1--是,900000000084,01--融资人,tz2024071400126UF,FXQYF196L46823267845620998024601412248886,,,,14802D01,0--浮动值浮动,1--不分段计息,1--按季计息,公司住房开发贷款,1010201--公司住房开发贷款,2001--单一债项,105020100,0100--正常申请,01--人民币,02--到期还款,201--公司法人保证,C3581,C3581--医疗诊断、监护及治疗设备制造,98,113202,113202--中期住房开发贷款,企业法人,基础客户,长尾,120,140105--山西省--太原市--小店区,B0302--外商绝对控股,2024-08-22 13:31:42,2025-05-25 14:18:36,0008--主合同(企金合同),1001--传统企金业务模板,1,CRM,5,5-新能源汽车产业,1010201--公司住房开发贷款,1.0,,无,C3581--医疗诊断、监护及治疗设备制造,875.35,1583.54
2026-06-30,900000000023,A00023,宏泰食品股份有限公司,202404260012798,202350326769-3,0101--正常1,0101--正常1,正常,正常,正常,2.0,中期,辽宁省,公司流动贷款,2026-06-30,沈阳分行,00229,沈阳市城北支行,"0108001,0140001,210102,00229",00229,302--已生效终止下柜,2026-04-26,JB3677,2024-04-26,2026-05-26,2026-06-15,zxsq2024042600127J3,tz20240426001273Q,tz2024042000127GA,FXQYF212L50665910288916915515124438982227,,,,1--是,900000000023,01--融资人,tz20240426001273Q,FXQYF212L50665910288916915515124438982227,,,,14802D01,0--浮动值浮动,7--满年分段计息,0--按月计息,流动资金额度循环贷款,10107--流动资金额度循环贷款,2001--单一债项,105070000,0100--正常申请,01--人民币,0101--分期等额本金,40101--活期保证金,N7820,N7820--环境卫生管理,23,113201,113201--普通中期贷款,企业法人,重点客户,价值,149,210102--辽宁省--沈阳市--和平区,B0301--外商相对控股,2024-07-14 09:17:41,2025-11-12 18:32:57,0008--主合同(企金合同),1001--传统企金业务模板,1,LOAN_CORE,5,5-新能源汽车产业,10107--流动资金额度循环贷款,1.0,,无,N7820--环境卫生管理,0.0,4159.51
2026-06-30,900000000008,A00008,嘉禾能源集团有限公司,2023080300128G3,999645496069-8,0101--正常1,0203--关注3,正常,关注,关注,3.0,中期,浙江省,公司固定贷款,2026-06-30,宁波分行,00340,宁波市中心支行,"0108001,0140001,330212,00340",00340,301--已生效待下柜,2026-08-03,JB6594,2023-08-03,2026-09-02,,zxsq2023080300128A9,tz2023080300128SI,tz2023072300128YK,FXQYF132L39081675937179512831086961300628,,,,1--是,900000000008,01--融资人,tz2023080300128SI,FXQYF132L39081675937179512831086961300628,DSFED2023080300000128,dstz20230803001284X,900000000064,01700Y05,0--浮动值浮动,4--满月分段计息,0--按月计息,银团贷款,10108--银团贷款,2001--单一债项,105080000,0100--正常申请,01--人民币,02--到期还款,30202--工业用地土地使用权抵押,C3591,C3591--环境保护专用设备制造,57,113501,113501--银团贷款出资额,企业法人,基础客户,长尾,174,330212--浙江省--宁波市--鄞州区,B0101--私人相对控股,2023-08-12 15:54:40,2025-11-02 18:37:19,0008--主合同(企金合同),1001--传统企金业务模板,1,CREDIT,0,0-不属于战略性新兴产业,10108--银团贷款,1.0,,无,C3591--环境保护专用设备制造,57.76,1039.61
2026-06-30,900000000023,A00023,宏泰食品股份有限公司,20231029001297J,699771094944-1,0102--正常2,0203--关注3,正常,关注,关注,7.0,长期,辽宁省,公司固定贷款,2026-06-30,沈阳分行,00231,沈阳市营业部,"0108001,0140001,210102,00231",00231,301--已生效待下柜,2030-10-28,JB2642,2023-10-29,2030-12-27,,zxsq20231029001298J,tz20231029001291V,tz2023101900129FS,FXQYF634L37678168858867315693941397706175,XYED2023102900000129,xytz2023102900129QH,xyht20231029001295X,1--是,900000000023,01--融资人,tz20231029001291V,FXQYF634L37678168858867315693941397706175,,,,14802D01,0--浮动值浮动,1--不分段计息,2--按年计息,并购贷款,10106--并购贷款,2001--单一债项,105060000,0301--重组-借新还旧（变更主体）,01--人民币,02--到期还款,203--专业担保公司保证,N7820,N7820--环境卫生管理,01,113301,113301--普通长期贷款,企业法人,成长客户,潜力,110,210102--辽宁省--沈阳市--和平区,B0202--港澳台绝对控股,2023-11-11 10:48:46,2025-12-04 13:43:04,0008--主合同(企金合同),1001--传统企金业务模板,1,CREDIT,0,0-不属于战略性新兴产业,10106--并购贷款,1.0,,无,N7820--环境卫生管理,912.29,1741.78
2026-06-30,900000000020,A00020,鼎盛机械有限公司,20251125001302K,168577353522-8,0101--正常1,0300--次级,正常,不良,次级,3.0,中期,辽宁省,公司固定贷款,2026-06-30,大连分行,00332,大连市城南支行,"0108001,0140001,210202,00332",00332,301--已生效待下柜,2028-11-25,JB5600,2025-11-25,2028-11-25,,zxsq202511250013044,tz2025112500130FC,tz20251120001305N,FXQYF263L56942221154292596574329543024205,,,,1--是,900000000020,01--融资人,tz2025112500130FC,FXQYF263L56942221154292596574329543024205,,,,01700Y05,0--浮动值浮动,4--满月分段计息,9--满季计息,公司住房开发贷款,1010201--公司住房开发贷款,2001--单一债项,105020100,0100--正常申请,01--人民币,02--到期还款,40101--活期保证金,C2651,C2651--初级形态塑料及合成树脂制造,61,113202,113202--中期住房开发贷款,事业法人,成长客户,潜力,149,210202--辽宁省--大连市--中山区,B0301--外商相对控股,2026-01-26 11:09:03,2026-06-05 08:35:54,0008--主合同(企金合同),1001--传统企金业务模板,1,CRM,0,0-不属于战略性新兴产业,1010201--公司住房开发贷款,1.0,,无,C2651--初级形态塑料及合成树脂制造,5332.05,6172.15
2026-06-30,900000000076,A00076,鼎盛医药集团有限公司,2025101400131VR,992798873122-6,0201--关注1,0101--正常1,关注,正常,正常,3.0,中期,青海省,公司流动贷款,2026-06-30,西宁分行,00235,西宁市城北支行,"0108001,0140001,630104,00235",00235,301--已生效待下柜,2028-10-14,JB7237,2025-10-14,2028-11-13,,zxsq2025101400131P1,tz2025101400131HJ,tz2025093000131UR,FXQYF222L48787489787037986456382233056529,,,,1--是,900000000076,01--融资人,tz2025101400131HJ,FXQYF222L48787489787037986456382233056529,,,,14802D01,0--浮动值浮动,1--不分段计息,2--按年计息,公司流动资金贷款,10101--公司流动资金贷款,2001--单一债项,105030000,0100--正常申请,01--人民币,02--到期还款,41302--收费权质押,E4790,E4790--其他房屋建筑业,47,113201,113201--普通中期贷款,企业法人,重点客户,价值,120,630104--青海省--西宁市--城西区,B0102--私人绝对控股,2025-11-10 08:44:20,2025-12-10 12:22:31,0008--主合同(企金合同),1001--传统企金业务模板,1,CREDIT,0,0-不属于战略性新兴产业,10101--公司流动资金贷款,1.0,,无,E4790--其他房屋建筑业,1029.31,1218.92
2026-06-30,900000000061,A00061,嘉禾软件股份有限公司,20240707001320S,118756352504-7,0102--正常2,0101--正常1,正常,正常,正常,0.5,短期,山东省,公司流动贷款,2026-06-30,济南分行,00234,济南市营业部,"0108001,0140001,370102,00234",00234,302--已生效终止下柜,2025-01-07,JB8657,2024-07-07,2025-01-07,2025-01-08,zxsq2024070700132JW,tz20240707001321L,tz2024070300132DT,FXQYF805L33464606896511532479748864945127,,,,1--是,900000000061,01--融资人,tz20240707001321L,FXQYF805L33464606896511532479748864945127,,,,01700Y05,0--浮动值浮动,1--不分段计息,0--按月计息,公司流动资金贷款,10101--公司流动资金贷款,2001--单一债项,105030000,0800--循环贷续作,01--人民币,02--到期还款,30299--其他土地使用权抵押,M7340,M7340--医学研究和试验发展,82,113101,113101--普通短期贷款,企业法人,重点客户,价值,149,370102--山东省--济南市--历下区,B0302--外商绝对控股,2024-08-17 18:44:19,2025-01-09 17:51:41,0008--主合同(企金合同),1001--传统企金业务模板,1,CREDIT,0,0-不属于战略性新兴产业,10101--公司流动资金贷款,1.0,,无,M7340--医学研究和试验发展,0.0,493.73
2026-06-30,900000000075,A00075,嘉禾食品股份有限公司,2025110600133KY,722710231242-4,0102--正常2,0103--正常3,正常,正常,正常,0.5,短期,吉林省,公司流动贷款,2026-06-30,长春分行,00235,长春市高新支行,"0108001,0140001,220102,00235",00235,301--已生效待下柜,2026-05-06,JB7442,2025-11-06,2026-05-06,,zxsq2025110600133L9,tz20251106001338T,tz20251104001330T,FXQYF463L49782517986162431106956367363270,,,,1--是,900000000075,01--融资人,tz20251106001338T,FXQYF463L49782517986162431106956367363270,,,,01700Y05,0--浮动值浮动,1--不分段计息,1--按季计息,公司流动资金贷款,10101--公司流动资金贷款,2001--单一债项,105030000,0700--连连贷,01--人民币,0102--分期等额本息,40102--定期保证金,N7861,N7861--名胜风景区管理,04,113101,113101--普通短期贷款,企业法人,成长客户,潜力,120,220102--吉林省--长春市--南关区,B0301--外商相对控股,2025-12-15 16:17:30,2026-02-03 18:12:21,0008--主合同(企金合同),1001--传统企金业务模板,1,CRM,2,2-高端装备制造产业,10101--公司流动资金贷款,1.0,,无,N7861--名胜风景区管理,2392.68,2753.27
2026-06-30,900000000016,A00016,宏泰建设集团有限公司,2025021500134U9,358548457685-4,0101--正常1,0103--正常3,正常,正常,正常,5.0,中期,山东省,公司固定贷款,2026-06-30,济南分行,00236,济南市高新支行,"0108001,0140001,370102,00236",00236,301--已生效待下柜,2030-02-15,JB2278,2025-02-15,2030-03-17,,zxsq202502150013455,tz2025021500134G1,tz2025021200134ZE,FXQYF750L98936971560761909996672491825818,,,,1--是,900000000016,01--融资人,tz2025021500134G1,FXQYF750L98936971560761909996672491825818,,,,14802D01,0--浮动值浮动,1--不分段计息,0--按月计息,公司商用房按揭贷款,1010302--公司商用房按揭贷款,2001--单一债项,105030200,0100--正常申请,01--人民币,0101--分期等额本金,30201--商业用地土地使用权抵押,F5162,F5162--石油及制品批发,16,113201,113201--普通中期贷款,企业法人,重点客户,价值,130,370102--山东省--济南市--历下区,B0302--外商绝对控股,2025-04-25 09:05:48,2026-01-01 15:43:18,0008--主合同(企金合同),1001--传统企金业务模板,1,CRM,2,2-高端装备制造产业,1010302--公司商用房按揭贷款,1.0,,无,F5162--石油及制品批发,3191.95,4352.66
2026-06-30,900000000054,A00054,星海建设股份有限公司,2026010200135ZS,880420300335-9,0101--正常1,0201--关注1,正常,关注,关注,3.0,中期,安徽省,公司流动贷款,2026-06-30,合肥分行,00239,合肥市城南支行,"0108001,0140001,340104,00239",00239,301--已生效待下柜,2029-01-02,JB9746,2026-01-02,2029-03-03,,zxsq20260102001356W,tz2026010200135YV,tz2025121800135IO,FXQYF428L45004585179463204095576674274854,XYED2026010200000135,xytz20260102001353O,xyht20260102001351E,1--是,900000000054,01--融资人,tz2026010200135YV,FXQYF428L45004585179463204095576674274854,DSFED2026010200000135,dstz2026010200135OZ,900000000089,14802D01,0--浮动值浮动,1--不分段计息,1--按季计息,公司流动资金贷款,10101--公司流动资金贷款,2001--单一债项,105030000,0100--正常申请,01--人民币,02--到期还款,40102--定期保证金,C3744,C3744--航空相关设备制造,96,113201,113201--普通中期贷款,事业法人,基础客户,长尾,159,340104--安徽省--合肥市--蜀山区,B0302--外商绝对控股,2026-01-10 09:41:14,2026-05-13 17:46:29,0008--主合同(企金合同),1001--传统企金业务模板,1,CRM,0,0-不属于战略性新兴产业,10101--公司流动资金贷款,1.0,,无,C3744--航空相关设备制造,2675.23,2963.33
2026-06-30,900000000096,A00096,瑞达电子有限公司,2024060200136TH,213933585470-8,0101--正常1,0101--正常1,正常,正常,正常,2.0,中期,四川省,公司流动贷款,2026-06-30,成都分行,00243,成都市营业部,"0108001,0140001,510107,00243",00243,301--已生效待下柜,2026-06-02,JB0867,2024-06-02,2026-08-01,,zxsq2024060200136AU,tz2024060200136C0,tz2024051600136K9,FXQYF095L48883411829044606947726499560428,XYED2024060200000136,xytz2024060200136ET,xyht2024060200136C4,1--是,900000000096,01--融资人,tz2024060200136C0,FXQYF095L48883411829044606947726499560428,,,,14802D01,0--浮动值浮动,4--满月分段计息,2--按年计息,流动资金额度循环贷款,10107--流动资金额度循环贷款,2001--单一债项,105070000,0800--循环贷续作,01--人民币,02--到期还款,202--自然人保证,C2720,C2720--化学药品制剂制造,13,113201,113201--普通中期贷款,企业法人,风险客户,风险,120,510107--四川省--成都市--武侯区,B0201--港澳台相对控股,2024-08-28 11:40:57,2025-04-12 18:09:46,0008--主合同(企金合同),1001--传统企金业务模板,1,CRM,0,0-不属于战略性新兴产业,10107--流动资金额度循环贷款,1.0,嘉禾产业集团有限公司,有,C2720--化学药品制剂制造,461.87,1378.72
2026-06-30,900000000056,A00056,卓越科技集团有限公司,2024052100137F8,259533379674-4,0102--正常2,0102--正常2,正常,正常,正常,1.0,短期,福建省,公司流动贷款,2026-06-30,宁德分行,01039,宁德市城南支行,"0108001,0140001,350902,01039",01039,301--已生效待下柜,2025-05-21,JB4390,2024-05-21,2025-05-21,,zxsq2024052100137ZX,tz2024052100137U7,tz20240506001377R,FXQYF209L31751745018015525738777073164943,,,,1--是,900000000056,01--融资人,tz2024052100137U7,FXQYF209L31751745018015525738777073164943,,,,14802D01,0--浮动值浮动,1--不分段计息,3--利随本清,公司结算帐户透支,1010401--公司结算帐户透支,2001--单一债项,105040100,0100--正常申请,01--人民币,02--到期还款,203--专业担保公司保证,C2023,C2023--刨花板制造,09,125110,125110--单位结算账户透支,企业法人,成长客户,潜力,190,350902--福建省--宁德市--蕉城区,A0201--集体相对控股,2024-07-10 10:54:14,2025-07-30 11:44:18,0008--主合同(企金合同),1001--传统企金业务模板,1,CREDIT,0,0-不属于战略性新兴产业,1010401--公司结算帐户透支,1.0,,无,C2023--刨花板制造,64.41,1288.23
2026-06-30,900000000070,A00070,鼎盛科技集团有限公司,2023011300138HP,713063487183-7,0102--正常2,0201--关注1,正常,关注,关注,10.0,长期,云南省,公司固定贷款,2026-06-30,昆明分行,00241,昆明市高新支行,"0108001,0140001,530103,00241",00241,301--已生效待下柜,2033-01-13,JB9831,2023-01-13,2033-02-12,,zxsq20230113001389H,tz20230113001381H,tz20230112001386E,FXQYF392L89771076172550324285919762622421,XYED2023011300000138,xytz202301130013819,xyht202301130013876,1--是,900000000070,01--融资人,tz20230113001381H,FXQYF392L89771076172550324285919762622421,,,,01700Y01,0--浮动值浮动,5--满季分段计息,9--满季计息,其他固定资产贷款,1010299--其他固定资产贷款,2002--组合债项,105029900,0100--正常申请,01--人民币,03--分期还款（不规则期限还款）,30201--商业用地土地使用权抵押,C3569,C3569--其他电子专用设备制造,61,113301,113301--普通长期贷款,政府机构,风险客户,风险,141,530103--云南省--昆明市--盘龙区,B0301--外商相对控股,2023-03-05 13:16:35,2025-10-04 16:07:59,0008--主合同(企金合同),1001--传统企金业务模板,1,LOAN_CORE,0,0-不属于战略性新兴产业,1010299--其他固定资产贷款,1.0,华盛产业集团有限公司,有,C3569--其他电子专用设备制造,1251.6,1645.04
2026-06-30,900000000080,A00080,众联制造有限公司,2023020300139E1,914946729988-8,0101--正常1,0101--正常1,正常,正常,正常,0.5,短期,湖南省,公司流动贷款,2026-06-30,长沙分行,00243,长沙市营业部,"0108001,0140001,430104,00243",00243,302--已生效终止下柜,2023-08-03,JB7022,2023-02-03,2023-09-02,2023-09-13,zxsq2023020300139FI,tz2023020300139Y3,tz2023012800139CC,FXQYF222L60438713484816354403325445602035,,,,1--是,900000000080,01--融资人,tz2023020300139Y3,FXQYF222L60438713484816354403325445602035,DSFED2023020300000139,dstz2023020300139UD,900000000084,01700Y05,0--浮动值浮动,1--不分段计息,3--利随本清,公司结算帐户透支,1010401--公司结算帐户透支,2001--单一债项,105040100,0800--循环贷续作,01--人民币,03--分期还款（不规则期限还款）,40102--定期保证金,C2720,C2720--化学药品制剂制造,43,125110,125110--单位结算账户透支,企业法人,基础客户,长尾,120,430104--湖南省--长沙市--岳麓区,B0201--港澳台相对控股,2023-03-18 14:07:02,2025-10-14 12:08:47,0008--主合同(企金合同),1001--传统企金业务模板,1,LOAN_CORE,0,0-不属于战略性新兴产业,1010401--公司结算帐户透支,1.0,,无,C2720--化学药品制剂制造,0.0,5778.77
2026-06-30,900000000044,A00044,中恒科技股份有限公司,2024112300140CM,922295678857-2,0300--次级,0201--关注1,不良,关注,关注,10.0,长期,安徽省,公司固定贷款,2026-06-30,合肥分行,00244,合肥市中心支行,"0108001,0140001,340104,00244",00244,301--已生效待下柜,2034-11-23,JB0695,2024-11-23,2034-11-23,,zxsq2024112300140X2,tz2024112300140QO,tz20241120001408M,FXQYF378L71666711440231545522043978308106,,,,1--是,900000000044,01--融资人,tz2024112300140QO,FXQYF378L71666711440231545522043978308106,,,,01700Y05,0--浮动值浮动,1--不分段计息,1--按季计息,项目贷款,1010203--项目贷款,2002--组合债项,105020300,0700--连连贷,01--人民币,03--分期还款（不规则期限还款）,201--公司法人保证,F5239,F5239--其他日用品零售,58,113301,113301--普通长期贷款,企业法人,基础客户,长尾,149,340104--安徽省--合肥市--蜀山区,B0302--外商绝对控股,2024-12-14 18:44:34,2026-04-12 12:28:37,0008--主合同(企金合同),1001--传统企金业务模板,1,CREDIT,4,4-生物产业,1010203--项目贷款,1.0,,无,F5239--其他日用品零售,3292.65,3912.06
2026-06-30,900000000050,A00050,远景能源有限公司,20221030001415O,687479191535-6,0300--次级,0201--关注1,不良,关注,关注,7.0,长期,河南省,公司固定贷款,2026-06-30,郑州分行,00246,郑州市营业部,"0108001,0140001,410105,00246",00246,301--已生效待下柜,2029-10-28,JB5432,2022-10-30,2029-12-27,,zxsq2022103000141G0,tz2022103000141A6,tz202210280014188,FXQYF610L00638155950296912376499044059848,XYED2022103000000141,xytz20221030001419H,xyht2022103000141UB,1--是,900000000050,01--融资人,tz2022103000141A6,FXQYF610L00638155950296912376499044059848,,,,01700Y05,0--浮动值浮动,7--满年分段计息,0--按月计息,公司厂房按揭贷款,1010305--公司厂房按揭贷款,2002--组合债项,105030500,0100--正常申请,01--人民币,0101--分期等额本金,30103--办公用房抵押,C3511,C3511--矿山机械制造,37,113301,113301--普通长期贷款,企业法人,重点客户,价值,120,410105--河南省--郑州市--金水区,A0201--集体相对控股,2023-01-10 17:44:32,2025-04-01 13:33:48,0008--主合同(企金合同),1001--传统企金业务模板,1,LOAN_CORE,0,0-不属于战略性新兴产业,1010305--公司厂房按揭贷款,1.0,,无,C3511--矿山机械制造,1144.78,1807.55
2026-06-30,900000000038,A00038,宏泰能源集团有限公司,2026041100142HO,402973690809-4,0300--次级,0102--正常2,不良,正常,正常,5.0,中期,广东省,公司固定贷款,2026-06-30,深圳分行,00446,深圳市城南支行,"0108001,0140001,440304,00446",00446,301--已生效待下柜,2031-04-11,JB7035,2026-04-11,2031-05-11,,zxsq20260411001420N,tz2026041100142O6,tz20260403001425D,FXQYF239L15089678488932523858066245903437,XYED2026041100000142,xytz202604110014276,xyht20260411001429V,1--是,900000000038,01--融资人,tz2026041100142O6,FXQYF239L15089678488932523858066245903437,,,,01700Y01,0--浮动值浮动,1--不分段计息,3--利随本清,银团贷款,10108--银团贷款,2001--单一债项,105080000,0100--正常申请,01--人民币,0102--分期等额本息,203--专业担保公司保证,F5213,F5213--便利店零售,91,113501,113501--银团贷款出资额,企业法人,重点客户,价值,171,440304--广东省--深圳市--福田区,A0201--集体相对控股,2026-05-11 17:03:52,2026-05-11 09:32:11,0008--主合同(企金合同),1001--传统企金业务模板,1,CRM,7,7-节能环保产业,10108--银团贷款,1.0,瑞达产业集团有限公司,有,F5213--便利店零售,5278.83,5460.86
2026-06-30,900000000094,A00094,嘉禾机械有限公司,2022032500143XQ,483462975673-1,0102--正常2,0201--关注1,正常,关注,关注,3.0,中期,辽宁省,公司固定贷款,2026-06-30,沈阳分行,00245,沈阳市城南支行,"0108001,0140001,210102,00245",00245,302--已生效终止下柜,2025-03-25,JB9544,2022-03-25,2025-05-24,2025-05-27,zxsq2022032500143XE,tz20220325001432U,tz2022030900143WF,FXQYF563L41030427326460940398179961011289,,,,1--是,900000000094,01--融资人,tz20220325001432U,FXQYF563L41030427326460940398179961011289,,,,01700Y05,0--浮动值浮动,1--不分段计息,3--利随本清,公司商用房按揭贷款,1010302--公司商用房按揭贷款,2001--单一债项,105030200,0100--正常申请,01--人民币,02--到期还款,30101--住房抵押,C3240,C3240--有色金属合金制造,36,113201,113201--普通中期贷款,企业法人,重点客户,价值,110,210102--辽宁省--沈阳市--和平区,B0201--港澳台相对控股,2022-05-26 14:53:35,2026-03-13 12:34:02,0008--主合同(企金合同),1001--传统企金业务模板,1,CRM,0,0-不属于战略性新兴产业,1010302--公司商用房按揭贷款,1.0,,无,C3240--有色金属合金制造,0.0,3461.72
2026-06-30,900000000055,A00055,宏泰能源股份有限公司,2022122100144O8,606460212886-5,0300--次级,0103--正常3,不良,正常,正常,2.0,中期,云南省,公司固定贷款,2026-06-30,昆明分行,00247,昆明市中心支行,"0108001,0140001,530103,00247",00247,302--已生效终止下柜,2024-12-21,JB1263,2022-12-21,2025-02-19,2025-03-20,zxsq20221221001442C,tz2022122100144PK,tz2022120100144RY,FXQYF119L86847280806675952529369269765385,,,,1--是,900000000055,01--融资人,tz2022122100144PK,FXQYF119L86847280806675952529369269765385,,,,01700Y01,0--浮动值浮动,1--不分段计息,3--利随本清,公司住房开发贷款,1010201--公司住房开发贷款,2001--单一债项,105020100,0100--正常申请,01--人民币,0102--分期等额本息,41302--收费权质押,C3849,C3849--其他电池制造,34,113202,113202--中期住房开发贷款,企业法人,基础客户,长尾,130,530103--云南省--昆明市--盘龙区,B0101--私人相对控股,2023-03-05 12:00:44,2026-01-10 12:20:46,0008--主合同(企金合同),1001--传统企金业务模板,1,LOAN_CORE,1,1-新一代信息技术产业,1010201--公司住房开发贷款,1.0,宏泰产业集团有限公司,有,C3849--其他电池制造,0.0,2543.35
2026-06-30,900000000047,A00047,中恒能源集团有限公司,202306220014523,354770356974-2,0300--次级,0101--正常1,不良,正常,正常,3.0,中期,福建省,公司流动贷款,2026-06-30,泉州分行,00648,泉州市中心支行,"0108001,0140001,350503,00648",00648,302--已生效终止下柜,2026-06-22,JB8244,2023-06-22,2026-06-22,2026-07-19,zxsq2023062200145PY,tz2023062200145BU,tz2023062100145B0,FXQYF079L37580794584393854105194677072930,XYED2023062200000145,xytz2023062200145D6,xyht2023062200145Y0,1--是,900000000047,01--融资人,tz2023062200145BU,FXQYF079L37580794584393854105194677072930,,,,01700Y05,0--浮动值浮动,1--不分段计息,1--按季计息,公司流动资金贷款,10101--公司流动资金贷款,2001--单一债项,105030000,0100--正常申请,01--人民币,03--分期还款（不规则期限还款）,40904--商业承兑汇票质押,C3824,C3824--电力电子元器件制造,59,113201,113201--普通中期贷款,企业法人,重点客户,价值,149,350503--福建省--泉州市--丰泽区,A0102--国有绝对控股,2023-07-31 15:56:33,2026-05-10 09:16:39,0008--主合同(企金合同),1001--传统企金业务模板,1,LOAN_CORE,0,0-不属于战略性新兴产业,10101--公司流动资金贷款,1.0,中恒产业集团有限公司,有,C3824--电力电子元器件制造,0.0,4962.86
2026-06-30,900000000076,A00076,鼎盛医药集团有限公司,2024121500146V5,268942040003-6,0102--正常2,0101--正常1,正常,正常,正常,5.0,中期,青海省,公司固定贷款,2026-06-30,西宁分行,00250,西宁市高新支行,"0108001,0140001,630104,00250",00250,301--已生效待下柜,2029-12-15,JB5024,2024-12-15,2030-02-13,,zxsq2024121500146XD,tz2024121500146PC,tz2024121300146P5,FXQYF291L78785432978687417302317650546768,,,,1--是,900000000076,01--融资人,tz2024121500146PC,FXQYF291L78785432978687417302317650546768,,,,01700Y01,0--浮动值浮动,1--不分段计息,0--按月计息,公司住房开发贷款,1010201--公司住房开发贷款,2001--单一债项,105020100,0100--正常申请,01--人民币,02--到期还款,40101--活期保证金,E4790,E4790--其他房屋建筑业,91,113202,113202--中期住房开发贷款,企业法人,基础客户,长尾,110,630104--青海省--西宁市--城西区,B0102--私人绝对控股,2025-02-08 15:07:01,2025-08-31 10:03:47,0008--主合同(企金合同),1001--传统企金业务模板,1,LOAN_CORE,2,2-高端装备制造产业,1010201--公司住房开发贷款,1.0,,无,E4790--其他房屋建筑业,1367.51,1953.58
2026-06-30,900000000064,A00064,华盛商贸股份有限公司,2024031700147R2,127902184267-1,0101--正常1,0101--正常1,正常,正常,正常,2.0,中期,陕西省,公司流动贷款,2026-06-30,西安分行,00260,西安市营业部,"0108001,0140001,610113,00260",00260,302--已生效终止下柜,2026-03-17,JB9887,2024-03-17,2026-05-16,2026-05-31,zxsq2024031700147IU,tz2024031700147RP,tz2024030900147N0,FXQYF972L75642891396207600693399590140924,,,,1--是,900000000064,01--融资人,tz2024031700147RP,FXQYF972L75642891396207600693399590140924,,,,14802D01,0--浮动值浮动,1--不分段计息,2--按年计息,公司流动资金贷款,10101--公司流动资金贷款,2002--组合债项,105030000,0100--正常申请,01--人民币,02--到期还款,41003--非上市公司股权质押,C2720,C2720--化学药品制剂制造,12,113201,113201--普通中期贷款,企业法人,基础客户,长尾,171,610113--陕西省--西安市--雁塔区,A0201--集体相对控股,2024-04-03 08:49:39,2026-05-02 10:55:07,0008--主合同(企金合同),1001--传统企金业务模板,1,CREDIT,4,4-生物产业,10101--公司流动资金贷款,1.0,,无,C2720--化学药品制剂制造,0.0,1539.64
2026-06-30,900000000074,A00074,中恒制造集团有限公司,2026061300148OM,260994033735-2,0102--正常2,0201--关注1,正常,关注,关注,2.0,中期,重庆市,公司固定贷款,2026-06-30,重庆分行,00251,重庆市城南支行,"0108001,0140001,500103,00251",00251,301--已生效待下柜,2028-06-13,JB3183,2026-06-13,2028-06-13,,zxsq2026061300148WS,tz2026061300148I2,tz20260530001484R,FXQYF719L95081492319278217846352072980217,XYED2026061300000148,xytz2026061300148YU,xyht2026061300148K0,1--是,900000000074,01--融资人,tz2026061300148I2,FXQYF719L95081492319278217846352072980217,,,,01700Y01,0--浮动值浮动,5--满季分段计息,1--按季计息,并购贷款,10106--并购贷款,2001--单一债项,105060000,0100--正常申请,01--人民币,02--到期还款,30299--其他土地使用权抵押,D4413,D4413--水力发电,92,113201,113201--普通中期贷款,企业法人,成长客户,潜力,130,500103--重庆市--重庆市--渝中区,B0302--外商绝对控股,2026-06-30 08:30:54,2026-06-30 13:44:47,0008--主合同(企金合同),1001--传统企金业务模板,1,LOAN_CORE,2,2-高端装备制造产业,10106--并购贷款,1.0,华盛产业集团有限公司,有,D4413--水力发电,770.73,1629.73
2026-06-30,900000000018,A00018,新科电子股份有限公司,20220103001497D,242157067927-8,0102--正常2,0101--正常1,正常,正常,正常,5.0,中期,江苏省,公司固定贷款,2026-06-30,南京分行,00255,南京市中心支行,"0108001,0140001,320106,00255",00255,301--已生效待下柜,2027-01-03,JB8611,2022-01-03,2027-01-03,,zxsq2022010300149BO,tz2022010300149D9,tz202112210014915,FXQYF533L68275874552161737308155315212758,,,,1--是,900000000018,01--融资人,tz2022010300149D9,FXQYF533L68275874552161737308155315212758,,,,14802D01,0--浮动值浮动,1--不分段计息,0--按月计息,公司商用房按揭贷款,1010302--公司商用房按揭贷款,2002--组合债项,105030200,0100--正常申请,01--人民币,02--到期还款,30201--商业用地土地使用权抵押,G5443,G5443--公路管理与养护,13,113201,113201--普通中期贷款,企业法人,重点客户,价值,171,320106--江苏省--南京市--鼓楼区,B0202--港澳台绝对控股,2022-03-29 18:53:27,2026-05-05 12:06:00,0008--主合同(企金合同),1001--传统企金业务模板,1,CRM,4,4-生物产业,1010302--公司商用房按揭贷款,1.0,,无,G5443--公路管理与养护,247.89,2124.78
2026-06-30,900000000051,A00051,卓越机械集团有限公司,2022011100150LD,176889219285-7,0102--正常2,0103--正常3,正常,正常,正常,3.0,中期,安徽省,公司流动贷款,2026-06-30,合肥分行,00254,合肥市城南支行,"0108001,0140001,340104,00254",00254,301--已生效待下柜,2025-01-11,JB4943,2022-01-11,2025-01-11,,zxsq2022011100150AZ,tz2022011100150KF,tz202112230015011,FXQYF547L98864306384894417886909988120522,XYED2022011100000150,xytz2022011100150NE,xyht20220111001505Y,1--是,900000000051,01--融资人,tz2022011100150KF,FXQYF547L98864306384894417886909988120522,DSFED2022011100000150,dstz2022011100150TG,900000000061,01700Y01,0--浮动值浮动,4--满月分段计息,1--按季计息,流动资金额度循环贷款,10107--流动资金额度循环贷款,2001--单一债项,105070000,0100--正常申请,01--人民币,02--到期还款,101--一般信用,F5117,F5117--渔业产品批发,72,113201,113201--普通中期贷款,企业法人,重点客户,价值,110,340104--安徽省--合肥市--蜀山区,A0101--国有相对控股,2022-01-20 09:09:27,2026-04-25 09:44:37,0008--主合同(企金合同),1001--传统企金业务模板,1,CRM,6,6-新能源产业,10107--流动资金额度循环贷款,1.0,,无,F5117--渔业产品批发,389.49,7789.79
2026-06-30,900000000075,A00075,嘉禾食品股份有限公司,2023110400151SM,852193425314-7,0101--正常1,0101--正常1,正常,正常,正常,0.5,短期,吉林省,公司流动贷款,2026-06-30,长春分行,00253,长春市高新支行,"0108001,0140001,220102,00253",00253,302--已生效终止下柜,2024-05-04,JB5806,2023-11-04,2024-07-03,2024-07-30,zxsq20231104001511X,tz20231104001511C,tz2023101500151X7,FXQYF146L55498173807640839357522576228910,,,,1--是,900000000075,01--融资人,tz20231104001511C,FXQYF146L55498173807640839357522576228910,,,,01700Y05,0--浮动值浮动,1--不分段计息,0--按月计息,公司结算帐户透支,1010401--公司结算帐户透支,2001--单一债项,105040100,0100--正常申请,01--人民币,0102--分期等额本息,40101--活期保证金,N7861,N7861--名胜风景区管理,99,125110,125110--单位结算账户透支,企业法人,基础客户,长尾,174,220102--吉林省--长春市--南关区,B0202--港澳台绝对控股,2023-11-25 10:19:29,2025-07-08 14:40:53,0008--主合同(企金合同),1001--传统企金业务模板,1,LOAN_CORE,0,0-不属于战略性新兴产业,1010401--公司结算帐户透支,1.0,,无,N7861--名胜风景区管理,0.0,6631.47
2026-06-30,900000000059,A00059,卓越物流股份有限公司,202402140015264,514764897599-5,0300--次级,0101--正常1,不良,正常,正常,10.0,长期,贵州省,公司固定贷款,2026-06-30,贵阳分行,00267,贵阳市城南支行,"0108001,0140001,520115,00267",00267,301--已生效待下柜,2034-02-14,JB4449,2024-02-14,2034-04-15,,zxsq2024021400152S4,tz2024021400152RF,tz2024012500152G5,FXQYF621L46564742124685012551036490646041,,,,1--是,900000000059,01--融资人,tz2024021400152RF,FXQYF621L46564742124685012551036490646041,,,,01700Y01,0--浮动值浮动,1--不分段计息,3--利随本清,工业厂房开发贷款,1010208--工业厂房开发贷款,2002--组合债项,105020800,0100--正常申请,01--人民币,0102--分期等额本息,40101--活期保证金,N7861,N7861--名胜风景区管理,29,113301,113301--普通长期贷款,企业法人,风险客户,风险,141,520115--贵州省--贵阳市--观山湖区,B0202--港澳台绝对控股,2024-05-04 14:15:13,2026-05-14 09:07:14,0008--主合同(企金合同),1001--传统企金业务模板,1,CREDIT,0,0-不属于战略性新兴产业,1010208--工业厂房开发贷款,1.0,卓越产业集团有限公司,有,N7861--名胜风景区管理,1139.16,1485.86
2026-06-30,900000000050,A00050,远景能源有限公司,2023031600153NF,128558756256-3,0103--正常3,0101--正常1,正常,正常,正常,10.0,长期,河南省,公司固定贷款,2026-06-30,郑州分行,00258,郑州市城南支行,"0108001,0140001,410105,00258",00258,301--已生效待下柜,2033-03-16,JB7831,2023-03-16,2033-04-15,,zxsq20230316001531T,tz20230316001539S,tz2023030400153PA,FXQYF645L35396274336451351610470283739918,XYED2023031600000153,xytz2023031600153D3,xyht2023031600153MK,1--是,900000000050,01--融资人,tz20230316001539S,FXQYF645L35396274336451351610470283739918,,,,01700Y05,0--浮动值浮动,1--不分段计息,1--按季计息,公司厂房按揭贷款,1010305--公司厂房按揭贷款,2001--单一债项,105030500,0700--连连贷,01--人民币,0101--分期等额本金,40102--定期保证金,C3511,C3511--矿山机械制造,83,113301,113301--普通长期贷款,企业法人,成长客户,潜力,120,410105--河南省--郑州市--金水区,B0201--港澳台相对控股,2023-05-26 17:50:25,2025-07-01 15:11:02,0008--主合同(企金合同),1001--传统企金业务模板,1,LOAN_CORE,0,0-不属于战略性新兴产业,1010305--公司厂房按揭贷款,1.0,,无,C3511--矿山机械制造,3648.93,4723.53
2026-06-30,900000000056,A00056,卓越科技集团有限公司,2024090300154T1,458766348341-1,0103--正常3,0103--正常3,正常,正常,正常,3.0,中期,福建省,公司固定贷款,2026-06-30,宁德分行,01056,宁德市城北支行,"0108001,0140001,350902,01056",01056,301--已生效待下柜,2027-09-03,JB4749,2024-09-03,2027-11-02,,zxsq2024090300154AU,tz20240903001546Q,tz20240816001541Q,FXQYF994L51170396150344905903491866417302,,,,1--是,900000000056,01--融资人,tz20240903001546Q,FXQYF994L51170396150344905903491866417302,,,,01700Y05,0--浮动值浮动,1--不分段计息,9--满季计息,公司住房开发贷款,1010201--公司住房开发贷款,2001--单一债项,105020100,0100--正常申请,01--人民币,03--分期还款（不规则期限还款）,41699--其他应收账款质押,C2023,C2023--刨花板制造,60,113202,113202--中期住房开发贷款,企业法人,重点客户,价值,171,350902--福建省--宁德市--蕉城区,B0102--私人绝对控股,2024-11-23 09:19:19,2025-09-21 17:26:09,0008--主合同(企金合同),1001--传统企金业务模板,1,CRM,2,2-高端装备制造产业,1010201--公司住房开发贷款,1.0,,无,C2023--刨花板制造,1375.7,2962.82
2026-06-30,900000000048,A00048,启航科技有限公司,2025011500155AW,739323797715-4,0101--正常1,0400--可疑,正常,不良,可疑,0.5,短期,上海市,公司流动贷款,2026-06-30,上海分行,00270,上海市中心支行,"0108001,0140001,310115,00270",00270,302--已生效终止下柜,2025-07-15,JB7751,2025-01-15,2025-07-15,2025-08-08,zxsq2025011500155IU,tz2025011500155AL,tz2025010300155NZ,FXQYF440L60777506253279397265443053020475,,,,1--是,900000000048,01--融资人,tz2025011500155AL,FXQYF440L60777506253279397265443053020475,,,,14802D01,0--浮动值浮动,1--不分段计息,0--按月计息,公司流动资金贷款,10101--公司流动资金贷款,2001--单一债项,105030000,0100--正常申请,01--人民币,03--分期还款（不规则期限还款）,41003--非上市公司股权质押,C3252,C3252--铝压延加工,64,113101,113101--普通短期贷款,企业法人,成长客户,潜力,159,310115--上海市--上海市--浦东新区,A0101--国有相对控股,2025-02-03 09:29:34,2025-03-11 15:47:33,0008--主合同(企金合同),1001--传统企金业务模板,1,CRM,0,0-不属于战略性新兴产业,10101--公司流动资金贷款,1.0,,无,C3252--铝压延加工,0.0,17071.26
2026-06-30,900000000044,A00044,中恒科技股份有限公司,20250127001561Z,715375785452-8,0101--正常1,0101--正常1,正常,正常,正常,2.0,中期,安徽省,公司流动贷款,2026-06-30,合肥分行,00260,合肥市城北支行,"0108001,0140001,340104,00260",00260,301--已生效待下柜,2027-01-27,JB5466,2025-01-27,2027-03-28,,zxsq2025012700156ET,tz20250127001566L,tz2025011700156CC,FXQYF433L51677544351102380739932444012102,,,,1--是,900000000044,01--融资人,tz20250127001566L,FXQYF433L51677544351102380739932444012102,DSFED2025012700000156,dstz2025012700156MS,900000000027,14802D01,0--浮动值浮动,1--不分段计息,1--按季计息,流动资金额度循环贷款,10107--流动资金额度循环贷款,2001--单一债项,105070000,0100--正常申请,01--人民币,0102--分期等额本息,30102--商业用房抵押,F5239,F5239--其他日用品零售,37,113201,113201--普通中期贷款,事业法人,成长客户,潜力,149,340104--安徽省--合肥市--蜀山区,B0201--港澳台相对控股,2025-02-16 12:45:51,2026-01-30 09:41:13,0008--主合同(企金合同),1001--传统企金业务模板,1,LOAN_CORE,0,0-不属于战略性新兴产业,10107--流动资金额度循环贷款,1.0,,无,F5239--其他日用品零售,9131.51,13841.24
2026-06-30,900000000029,A00029,华盛医药股份有限公司,20230101001578S,923039729555-8,0103--正常3,0300--次级,正常,不良,次级,3.0,中期,广东省,公司固定贷款,2026-06-30,广州分行,00263,广州市高新支行,"0108001,0140001,440106,00263",00263,302--已生效终止下柜,2026-01-01,JB6733,2023-01-01,2026-01-01,2026-01-24,zxsq2023010100157AR,tz2023010100157NV,tz2022121600157W8,FXQYF795L58967029579715980614368183739312,XYED2023010100000157,xytz2023010100157UB,xyht2023010100157PM,1--是,900000000029,01--融资人,tz2023010100157NV,FXQYF795L58967029579715980614368183739312,,,,01700Y05,0--浮动值浮动,4--满月分段计息,0--按月计息,银团贷款,10108--银团贷款,2001--单一债项,105080000,0302--重组-借新还旧（不变更主体）,01--人民币,02--到期还款,41003--非上市公司股权质押,C3461,C3461--烘炉、熔炉及电炉制造,33,113501,113501--银团贷款出资额,企业法人,重点客户,价值,171,440106--广东省--广州市--天河区,A0102--国有绝对控股,2023-01-09 14:30:39,2026-04-01 17:16:56,0008--主合同(企金合同),1001--传统企金业务模板,1,LOAN_CORE,0,0-不属于战略性新兴产业,10108--银团贷款,1.0,,无,C3461--烘炉、熔炉及电炉制造,0.0,985.52
2026-06-30,900000000067,A00067,鼎盛电子股份有限公司,2023091900158SK,848970889225-4,0102--正常2,0101--正常1,正常,正常,正常,2.0,中期,陕西省,公司固定贷款,2026-06-30,西安分行,00271,西安市城北支行,"0108001,0140001,610113,00271",00271,301--已生效待下柜,2025-09-19,JB5348,2023-09-19,2025-09-19,,zxsq2023091900158NA,tz20230919001587P,tz2023090800158Q1,FXQYF887L20457120426975318196249495840286,XYED2023091900000158,xytz2023091900158FL,xyht2023091900158N1,1--是,900000000067,01--融资人,tz20230919001587P,FXQYF887L20457120426975318196249495840286,,,,01700Y01,0--浮动值浮动,5--满季分段计息,0--按月计息,公司厂房按揭贷款,1010305--公司厂房按揭贷款,2001--单一债项,105030500,0100--正常申请,01--人民币,03--分期还款（不规则期限还款）,41699--其他应收账款质押,C3311,C3311--金属结构制造,01,113201,113201--普通中期贷款,企业法人,风险客户,风险,174,610113--陕西省--西安市--雁塔区,A0102--国有绝对控股,2023-12-17 13:30:31,2025-12-26 12:52:14,0008--主合同(企金合同),1001--传统企金业务模板,1,CRM,0,0-不属于战略性新兴产业,1010305--公司厂房按揭贷款,1.0,中恒产业集团有限公司,有,C3311--金属结构制造,1944.7,2454.86
2026-06-30,900000000004,A00004,嘉禾电子有限公司,2026010600159V5,582085607968-8,0201--关注1,0103--正常3,关注,正常,正常,5.0,中期,湖南省,公司固定贷款,2026-06-30,长沙分行,00263,长沙市城北支行,"0108001,0140001,430104,00263",00263,301--已生效待下柜,2031-01-06,JB3913,2026-01-06,2031-01-06,,zxsq2026010600159XR,tz2026010600159KD,tz2025121800159EN,FXQYF430L21301517848398695262492195777414,,,,1--是,900000000004,01--融资人,tz2026010600159KD,FXQYF430L21301517848398695262492195777414,,,,14802D01,0--浮动值浮动,1--不分段计息,3--利随本清,项目贷款,1010203--项目贷款,2001--单一债项,105020300,0100--正常申请,01--人民币,02--到期还款,30101--住房抵押,C3821,C3821--变压器、整流器和电感器制造,21,113201,113201--普通中期贷款,企业法人,重点客户,价值,190,430104--湖南省--长沙市--岳麓区,B0101--私人相对控股,2026-02-22 17:09:05,2026-06-24 13:20:46,0008--主合同(企金合同),1001--传统企金业务模板,1,LOAN_CORE,0,0-不属于战略性新兴产业,1010203--项目贷款,1.0,,无,C3821--变压器、整流器和电感器制造,5553.11,5897.11
2026-06-30,900000000053,A00053,鼎盛软件有限公司,20250610001603K,663049445161-3,0101--正常1,0201--关注1,正常,关注,关注,1.0,短期,上海市,公司流动贷款,2026-06-30,上海分行,00275,上海市营业部,"0108001,0140001,310115,00275",00275,302--已生效终止下柜,2026-06-10,JB6201,2025-06-10,2026-06-10,2026-06-16,zxsq2025061000160J5,tz2025061000160NB,tz20250521001605O,FXQYF308L32132073727864424798802822562611,,,,1--是,900000000053,01--融资人,tz2025061000160NB,FXQYF308L32132073727864424798802822562611,,,,01700Y01,0--浮动值浮动,1--不分段计息,9--满季计息,公司流动资金贷款,10101--公司流动资金贷款,2001--单一债项,105030000,0100--正常申请,01--人民币,0101--分期等额本金,30202--工业用地土地使用权抵押,L7111,L7111--汽车租赁,87,113101,113101--普通短期贷款,企业法人,成长客户,潜力,174,310115--上海市--上海市--浦东新区,B0302--外商绝对控股,2025-06-24 11:21:12,2025-11-06 10:26:46,0008--主合同(企金合同),1001--传统企金业务模板,1,LOAN_CORE,0,0-不属于战略性新兴产业,10101--公司流动资金贷款,1.0,,无,L7111--汽车租赁,0.0,3438.05
2026-06-30,900000000055,A00055,宏泰能源股份有限公司,2023050700161O9,311754109638-8,0101--正常1,0101--正常1,正常,正常,正常,5.0,中期,云南省,公司固定贷款,2026-06-30,昆明分行,00264,昆明市城北支行,"0108001,0140001,530103,00264",00264,301--已生效待下柜,2028-05-07,JB4357,2023-05-07,2028-05-07,,zxsq2023050700161CO,tz2023050700161RZ,tz202304280016106,FXQYF503L81375834339405558552621982232265,XYED2023050700000161,xytz20230507001619S,xyht2023050700161K4,1--是,900000000055,01--融资人,tz2023050700161RZ,FXQYF503L81375834339405558552621982232265,DSFED2023050700000161,dstz2023050700161CZ,900000000090,14802D01,0--浮动值浮动,4--满月分段计息,2--按年计息,并购贷款,10106--并购贷款,2001--单一债项,105060000,0100--正常申请,01--人民币,0101--分期等额本金,30202--工业用地土地使用权抵押,C3849,C3849--其他电池制造,30,113201,113201--普通中期贷款,企业法人,基础客户,长尾,110,530103--云南省--昆明市--盘龙区,B0301--外商相对控股,2023-05-25 16:06:58,2025-03-21 10:16:04,0008--主合同(企金合同),1001--传统企金业务模板,1,CREDIT,2,2-高端装备制造产业,10106--并购贷款,1.0,宏泰产业集团有限公司,有,C3849--其他电池制造,4067.26,4486.84
2026-06-30,900000000045,A00045,星海医药有限公司,2024041800162AA,255330989388-7,0400--可疑,0103--正常3,不良,正常,正常,7.0,长期,青海省,公司固定贷款,2026-06-30,西宁分行,00266,西宁市高新支行,"0108001,0140001,630104,00266",00266,301--已生效待下柜,2031-04-18,JB8580,2024-04-18,2031-04-18,,zxsq2024041800162XA,tz202404180016267,tz20240409001627P,FXQYF152L80023812676833596526367443240654,,,,1--是,900000000045,01--融资人,tz202404180016267,FXQYF152L80023812676833596526367443240654,,,,14802D01,0--浮动值浮动,1--不分段计息,2--按年计息,并购贷款,10106--并购贷款,2002--组合债项,105060000,0100--正常申请,01--人民币,03--分期还款（不规则期限还款）,41003--非上市公司股权质押,I6531,I6531--信息系统集成服务,80,113301,113301--普通长期贷款,企业法人,成长客户,潜力,159,630104--青海省--西宁市--城西区,B0101--私人相对控股,2024-07-15 17:48:36,2025-04-17 09:53:38,0008--主合同(企金合同),1001--传统企金业务模板,1,LOAN_CORE,6,6-新能源产业,10106--并购贷款,1.0,,无,I6531--信息系统集成服务,1826.31,3658.57
2026-06-30,900000000084,A00084,宏泰材料股份有限公司,2023051100163SB,607637494865-5,0101--正常1,0102--正常2,正常,正常,正常,10.0,长期,山西省,公司固定贷款,2026-06-30,太原分行,00268,太原市营业部,"0108001,0140001,140105,00268",00268,301--已生效待下柜,2033-05-11,JB7018,2023-05-11,2033-05-11,,zxsq2023051100163AD,tz202305110016351,tz202305080016315,FXQYF595L17829433754270162780202828722060,,,,1--是,900000000084,01--融资人,tz202305110016351,FXQYF595L17829433754270162780202828722060,,,,01700Y05,0--浮动值浮动,7--满年分段计息,1--按季计息,并购贷款,10106--并购贷款,2001--单一债项,105060000,0100--正常申请,01--人民币,03--分期还款（不规则期限还款）,201--公司法人保证,C3581,C3581--医疗诊断、监护及治疗设备制造,54,113301,113301--普通长期贷款,企业法人,成长客户,潜力,190,140105--山西省--太原市--小店区,B0201--港澳台相对控股,2023-06-30 13:33:20,2025-05-31 10:28:57,0008--主合同(企金合同),1001--传统企金业务模板,1,LOAN_CORE,3,3-新材料产业,10106--并购贷款,1.0,,无,C3581--医疗诊断、监护及治疗设备制造,975.06,1243.43
2026-06-30,900000000049,A00049,新科机械有限公司,20230126001640Z,539097421486-1,0400--可疑,0203--关注3,不良,关注,关注,3.0,中期,四川省,公司流动贷款,2026-06-30,成都分行,00271,成都市城北支行,"0108001,0140001,510107,00271",00271,302--已生效终止下柜,2026-01-26,JB5207,2023-01-26,2026-01-26,2026-01-31,zxsq2023012600164M1,tz2023012600164GE,tz2023012100164CB,FXQYF317L69183401469441706563747925522860,XYED2023012600000164,xytz2023012600164VB,xyht2023012600164OX,1--是,900000000049,01--融资人,tz2023012600164GE,FXQYF317L69183401469441706563747925522860,DSFED2023012600000164,dstz2023012600164K0,900000000020,01700Y05,0--浮动值浮动,1--不分段计息,0--按月计息,公司流动资金贷款,10101--公司流动资金贷款,2001--单一债项,105030000,0100--正常申请,01--人民币,03--分期还款（不规则期限还款）,30103--办公用房抵押,C1329,C1329--其他饲料加工,26,113201,113201--普通中期贷款,企业法人,基础客户,长尾,110,510107--四川省--成都市--武侯区,B0202--港澳台绝对控股,2023-04-03 16:19:13,2025-12-02 14:14:27,0008--主合同(企金合同),1001--传统企金业务模板,1,LOAN_CORE,4,4-生物产业,10101--公司流动资金贷款,1.0,,无,C1329--其他饲料加工,0.0,3680.6
2026-06-30,900000000025,A00025,卓越物流有限公司,2022092600165NP,730819030121-9,0103--正常3,0103--正常3,正常,正常,正常,2.0,中期,内蒙古自治区,公司固定贷款,2026-06-30,呼和浩特分行,00267,呼和浩特市营业部,"0108001,0140001,150102,00267",00267,301--已生效待下柜,2024-09-26,JB7516,2022-09-26,2024-10-26,,zxsq20220926001654D,tz2022092600165QJ,tz20220922001650P,FXQYF648L67929511812852172049798186248028,,,,1--是,900000000025,01--融资人,tz2022092600165QJ,FXQYF648L67929511812852172049798186248028,,,,01700Y05,0--浮动值浮动,4--满月分段计息,4--手工计息,其他固定资产贷款,1010299--其他固定资产贷款,2001--单一债项,105029900,0302--重组-借新还旧（不变更主体）,01--人民币,0101--分期等额本金,202--自然人保证,F5133,F5133--鞋帽批发,76,113201,113201--普通中期贷款,企业法人,重点客户,价值,171,150102--内蒙古自治区--呼和浩特市--新城区,A0201--集体相对控股,2022-09-26 09:56:07,2026-05-31 15:48:05,0008--主合同(企金合同),1001--传统企金业务模板,1,CRM,2,2-高端装备制造产业,1010299--其他固定资产贷款,1.0,,无,F5133--鞋帽批发,279.54,5590.83
2026-06-30,900000000019,A00019,星海机械有限公司,2026060400166HI,687630767603-2,0203--关注3,0201--关注1,关注,关注,关注,2.0,中期,广东省,公司固定贷款,2026-06-30,广州分行,00272,广州市城北支行,"0108001,0140001,440106,00272",00272,301--已生效待下柜,2028-06-04,JB4561,2026-06-04,2028-06-04,,zxsq2026060400166IW,tz2026060400166AB,tz2026060200166HD,FXQYF316L02513840642041034303959875072604,XYED2026060400000166,xytz2026060400166XY,xyht2026060400166QI,1--是,900000000019,01--融资人,tz2026060400166AB,FXQYF316L02513840642041034303959875072604,,,,01700Y05,0--浮动值浮动,4--满月分段计息,1--按季计息,并购贷款,10106--并购贷款,2001--单一债项,105060000,0100--正常申请,01--人民币,0102--分期等额本息,41003--非上市公司股权质押,C1954,C1954--橡胶鞋制造,04,113201,113201--普通中期贷款,企业法人,重点客户,价值,174,440106--广东省--广州市--天河区,B0201--港澳台相对控股,2026-06-12 11:02:31,2026-06-15 11:22:40,0008--主合同(企金合同),1001--传统企金业务模板,1,CRM,0,0-不属于战略性新兴产业,10106--并购贷款,1.0,,无,C1954--橡胶鞋制造,1107.9,1107.9
2026-06-30,900000000050,A00050,远景能源有限公司,2022070200167UW,732168170356-7,0203--关注3,0300--次级,关注,不良,次级,7.0,长期,河南省,公司固定贷款,2026-06-30,郑州分行,00272,郑州市高新支行,"0108001,0140001,410105,00272",00272,301--已生效待下柜,2029-07-02,JB1846,2022-07-02,2029-07-02,,zxsq2022070200167GY,tz2022070200167I6,tz20220616001671V,FXQYF346L37722486956673987723554054838256,,,,1--是,900000000050,01--融资人,tz2022070200167I6,FXQYF346L37722486956673987723554054838256,,,,01700Y05,0--浮动值浮动,1--不分段计息,0--按月计息,工业厂房开发贷款,1010208--工业厂房开发贷款,2002--组合债项,105020800,0100--正常申请,01--人民币,02--到期还款,30102--商业用房抵押,C3511,C3511--矿山机械制造,13,113301,113301--普通长期贷款,企业法人,基础客户,长尾,171,410105--河南省--郑州市--金水区,A0102--国有绝对控股,2022-08-24 16:36:38,2026-05-08 11:36:27,0008--主合同(企金合同),1001--传统企金业务模板,1,CREDIT,4,4-生物产业,1010208--工业厂房开发贷款,1.0,,无,C3511--矿山机械制造,647.2,1469.32
2026-06-30,900000000068,A00068,华盛商贸集团有限公司,2025080300168AK,654133545409-5,0300--次级,0102--正常2,不良,正常,正常,3.0,中期,甘肃省,公司固定贷款,2026-06-30,兰州分行,00270,兰州市高新支行,"0108001,0140001,620102,00270",00270,301--已生效待下柜,2028-08-03,JB2453,2025-08-03,2028-08-03,,zxsq2025080300168NZ,tz2025080300168UE,tz20250726001686Z,FXQYF483L46244538194555875405020002546381,,,,1--是,900000000068,01--融资人,tz2025080300168UE,FXQYF483L46244538194555875405020002546381,,,,01700Y01,0--浮动值浮动,1--不分段计息,1--按季计息,银团贷款,10108--银团贷款,2001--单一债项,105080000,0302--重组-借新还旧（不变更主体）,01--人民币,0101--分期等额本金,40102--定期保证金,E4790,E4790--其他房屋建筑业,52,113501,113501--银团贷款出资额,企业法人,重点客户,价值,130,620102--甘肃省--兰州市--城关区,B0202--港澳台绝对控股,2025-08-06 17:48:51,2026-01-18 18:47:57,0008--主合同(企金合同),1001--传统企金业务模板,1,CREDIT,0,0-不属于战略性新兴产业,10108--银团贷款,1.0,,无,E4790--其他房屋建筑业,2811.17,3892.39
2026-06-30,900000000053,A00053,鼎盛软件有限公司,2025012100169RZ,824957635076-1,0102--正常2,0102--正常2,正常,正常,正常,1.0,短期,上海市,公司流动贷款,2026-06-30,上海分行,00284,上海市高新支行,"0108001,0140001,310115,00284",00284,302--已生效终止下柜,2026-01-21,JB1845,2025-01-21,2026-01-21,2026-01-24,zxsq2025012100169HM,tz202501210016946,tz2025011500169VW,FXQYF324L58317179611841453592475576238786,XYED2025012100000169,xytz2025012100169FX,xyht2025012100169E6,1--是,900000000053,01--融资人,tz202501210016946,FXQYF324L58317179611841453592475576238786,,,,01700Y01,0--浮动值浮动,4--满月分段计息,4--手工计息,公司结算帐户透支,1010401--公司结算帐户透支,2001--单一债项,105040100,0302--重组-借新还旧（不变更主体）,01--人民币,0102--分期等额本息,101--一般信用,L7111,L7111--汽车租赁,75,125110,125110--单位结算账户透支,企业法人,基础客户,长尾,120,310115--上海市--上海市--浦东新区,A0101--国有相对控股,2025-01-21 17:03:24,2025-05-09 11:30:03,0008--主合同(企金合同),1001--传统企金业务模板,1,CRM,1,1-新一代信息技术产业,1010401--公司结算帐户透支,1.0,,无,L7111--汽车租赁,0.0,6690.0
2026-06-30,900000000081,A00081,众联制造集团有限公司,2025072800170MS,515816373982-3,0101--正常1,0300--次级,正常,不良,次级,1.0,短期,黑龙江省,公司流动贷款,2026-06-30,哈尔滨分行,00273,哈尔滨市中心支行,"0108001,0140001,230103,00273",00273,301--已生效待下柜,2026-07-28,JB2834,2025-07-28,2026-07-28,,zxsq20250728001702E,tz2025072800170E9,tz20250712001709M,FXQYF036L81311815545222786335099839628239,,,,1--是,900000000081,01--融资人,tz2025072800170E9,FXQYF036L81311815545222786335099839628239,,,,14802D01,0--浮动值浮动,1--不分段计息,0--按月计息,流动资金额度循环贷款,10107--流动资金额度循环贷款,2002--组合债项,105070000,0100--正常申请,01--人民币,02--到期还款,101--一般信用,C3670,C3670--汽车零部件及配件制造,62,113101,113101--普通短期贷款,企业法人,风险客户,风险,159,230103--黑龙江省--哈尔滨市--南岗区,B0102--私人绝对控股,2025-10-18 13:54:50,2026-06-13 08:02:35,0008--主合同(企金合同),1001--传统企金业务模板,1,CREDIT,2,2-高端装备制造产业,10107--流动资金额度循环贷款,1.0,,无,C3670--汽车零部件及配件制造,2849.13,7338.4
2026-06-30,900000000058,A00058,鼎盛商贸股份有限公司,2023042600171FH,807332860889-4,0103--正常3,0103--正常3,正常,正常,正常,2.0,中期,广东省,公司固定贷款,2026-06-30,广州分行,00277,广州市高新支行,"0108001,0140001,440106,00277",00277,302--已生效终止下柜,2025-04-26,JB3934,2023-04-26,2025-04-26,2025-04-28,zxsq20230426001716B,tz2023042600171J8,tz2023042100171CG,FXQYF967L24171408881882688994223301428004,,,,1--是,900000000058,01--融资人,tz2023042600171J8,FXQYF967L24171408881882688994223301428004,,,,01700Y01,0--浮动值浮动,1--不分段计息,0--按月计息,工业厂房开发贷款,1010208--工业厂房开发贷款,2001--单一债项,105020800,0100--正常申请,01--人民币,02--到期还款,41302--收费权质押,N7690,N7690--其他水利管理业,86,113201,113201--普通中期贷款,企业法人,基础客户,长尾,110,440106--广东省--广州市--天河区,B0301--外商相对控股,2023-07-08 15:17:17,2025-09-10 18:28:51,0008--主合同(企金合同),1001--传统企金业务模板,1,LOAN_CORE,0,0-不属于战略性新兴产业,1010208--工业厂房开发贷款,1.0,,无,N7690--其他水利管理业,0.0,3925.1
2026-06-30,900000000016,A00016,宏泰建设集团有限公司,2024060600172DT,288439381749-2,0102--正常2,0203--关注3,正常,关注,关注,7.0,长期,山东省,公司固定贷款,2026-06-30,济南分行,00274,济南市城北支行,"0108001,0140001,370102,00274",00274,301--已生效待下柜,2031-06-06,JB7931,2024-06-06,2031-08-05,,zxsq2024060600172UW,tz2024060600172TD,tz2024052800172ZD,FXQYF174L15389984389476774961389356478558,,,,1--是,900000000016,01--融资人,tz2024060600172TD,FXQYF174L15389984389476774961389356478558,,,,14802D01,0--浮动值浮动,7--满年分段计息,1--按季计息,公司厂房按揭贷款,1010305--公司厂房按揭贷款,2002--组合债项,105030500,0100--正常申请,01--人民币,02--到期还款,41699--其他应收账款质押,F5162,F5162--石油及制品批发,25,113301,113301--普通长期贷款,企业法人,成长客户,潜力,149,370102--山东省--济南市--历下区,A0101--国有相对控股,2024-06-29 14:23:38,2025-12-18 10:43:07,0008--主合同(企金合同),1001--传统企金业务模板,1,LOAN_CORE,3,3-新材料产业,1010305--公司厂房按揭贷款,1.0,,无,F5162--石油及制品批发,1187.0,1661.8
2026-06-30,900000000075,A00075,嘉禾食品股份有限公司,202505140017355,318602424412-4,0103--正常3,0101--正常1,正常,正常,正常,3.0,中期,吉林省,公司固定贷款,2026-06-30,长春分行,00275,长春市城南支行,"0108001,0140001,220102,00275",00275,301--已生效待下柜,2028-05-14,JB0841,2025-05-14,2028-05-14,,zxsq2025051400173XQ,tz2025051400173GZ,tz2025050200173WR,FXQYF414L03878662905171922498853381358868,XYED2025051400000173,xytz20250514001739C,xyht20250514001735K,1--是,900000000075,01--融资人,tz2025051400173GZ,FXQYF414L03878662905171922498853381358868,,,,01700Y05,0--浮动值浮动,4--满月分段计息,1--按季计息,项目贷款,1010203--项目贷款,2001--单一债项,105020300,0100--正常申请,01--人民币,0101--分期等额本金,40102--定期保证金,N7861,N7861--名胜风景区管理,73,113201,113201--普通中期贷款,事业法人,重点客户,价值,120,220102--吉林省--长春市--南关区,B0101--私人相对控股,2025-06-03 15:00:16,2026-02-17 15:26:27,0008--主合同(企金合同),1001--传统企金业务模板,1,LOAN_CORE,1,1-新一代信息技术产业,1010203--项目贷款,1.0,,无,N7861--名胜风景区管理,2253.53,5680.09
2026-06-30,900000000055,A00055,宏泰能源股份有限公司,2023113000174IX,713859171170-3,0101--正常1,0101--正常1,正常,正常,正常,1.0,短期,云南省,公司流动贷款,2026-06-30,昆明分行,00277,昆明市营业部,"0108001,0140001,530103,00277",00277,302--已生效终止下柜,2024-11-28,JB6411,2023-11-30,2024-11-28,2024-12-23,zxsq2023113000174OT,tz2023113000174W4,tz2023112700174KG,FXQYF828L65987747512253512024798948916433,,,,1--是,900000000055,01--融资人,tz2023113000174W4,FXQYF828L65987747512253512024798948916433,,,,01700Y01,0--浮动值浮动,4--满月分段计息,1--按季计息,公司流动资金贷款,10101--公司流动资金贷款,2001--单一债项,105030000,0100--正常申请,01--人民币,0101--分期等额本金,30101--住房抵押,C3849,C3849--其他电池制造,31,113101,113101--普通短期贷款,企业法人,重点客户,价值,110,530103--云南省--昆明市--盘龙区,B0301--外商相对控股,2024-01-25 09:50:30,2026-06-29 13:43:19,0008--主合同(企金合同),1001--传统企金业务模板,1,LOAN_CORE,7,7-节能环保产业,10101--公司流动资金贷款,1.0,宏泰产业集团有限公司,有,C3849--其他电池制造,0.0,1751.63
2026-06-30,900000000012,A00012,众联科技有限公司,2023100100175Q6,127769036335-5,0101--正常1,0101--正常1,正常,正常,正常,1.0,短期,青海省,公司流动贷款,2026-06-30,西宁分行,00279,西宁市城南支行,"0108001,0140001,630104,00279",00279,302--已生效终止下柜,2024-10-01,JB2050,2023-10-01,2024-10-01,2024-10-22,zxsq20231001001758O,tz2023100100175ZH,tz2023092600175L8,FXQYF454L76948387544667403253682888946502,XYED2023100100000175,xytz2023100100175YV,xyht20231001001752M,1--是,900000000012,01--融资人,tz2023100100175ZH,FXQYF454L76948387544667403253682888946502,,,,01700Y05,0--浮动值浮动,1--不分段计息,0--按月计息,公司结算帐户透支,1010401--公司结算帐户透支,2001--单一债项,105040100,0100--正常申请,01--人民币,02--到期还款,41003--非上市公司股权质押,C2770,C2770--卫生材料及医药用品制造,04,125110,125110--单位结算账户透支,企业法人,风险客户,风险,141,630104--青海省--西宁市--城西区,B0102--私人绝对控股,2023-11-24 09:35:07,2025-01-02 14:58:54,0008--主合同(企金合同),1001--传统企金业务模板,1,LOAN_CORE,0,0-不属于战略性新兴产业,1010401--公司结算帐户透支,1.0,宏泰产业集团有限公司,有,C2770--卫生材料及医药用品制造,0.0,6140.17
2026-06-30,900000000013,A00013,众联软件股份有限公司,20250602001769W,988670470937-8,0203--关注3,0101--正常1,关注,正常,正常,2.0,中期,陕西省,公司固定贷款,2026-06-30,西安分行,00289,西安市中心支行,"0108001,0140001,610113,00289",00289,301--已生效待下柜,2027-06-02,JB0677,2025-06-02,2027-06-02,,zxsq2025060200176QJ,tz2025060200176D1,tz2025051500176MC,FXQYF226L29697458945995147294045795343492,,,,1--是,900000000013,01--融资人,tz2025060200176D1,FXQYF226L29697458945995147294045795343492,,,,01700Y05,0--浮动值浮动,4--满月分段计息,0--按月计息,其他固定资产贷款,1010299--其他固定资产贷款,2001--单一债项,105029900,0100--正常申请,01--人民币,0102--分期等额本息,201--公司法人保证,L7271,L7271--安全服务,85,113201,113201--普通中期贷款,企业法人,重点客户,价值,159,610113--陕西省--西安市--雁塔区,B0201--港澳台相对控股,2025-06-24 09:29:14,2026-01-11 08:10:27,0008--主合同(企金合同),1001--传统企金业务模板,1,LOAN_CORE,0,0-不属于战略性新兴产业,1010299--其他固定资产贷款,1.0,新科产业集团有限公司,有,L7271--安全服务,1416.45,2022.04
2026-06-30,900000000028,A00028,众联制造有限公司,2025092100177VJ,751670747263-2,0103--正常3,0102--正常2,正常,正常,正常,7.0,长期,河北省,公司固定贷款,2026-06-30,石家庄分行,00279,石家庄市中心支行,"0108001,0140001,130102,00279",00279,301--已生效待下柜,2032-09-21,JB6557,2025-09-21,2032-09-21,,zxsq2025092100177EZ,tz20250921001770W,tz2025091200177YD,FXQYF792L30906837676875515438379289639120,XYED2025092100000177,xytz20250921001773G,xyht20250921001770U,1--是,900000000028,01--融资人,tz20250921001770W,FXQYF792L30906837676875515438379289639120,,,,01700Y05,0--浮动值浮动,1--不分段计息,0--按月计息,公司厂房按揭贷款,1010305--公司厂房按揭贷款,2001--单一债项,105030500,0100--正常申请,01--人民币,02--到期还款,30103--办公用房抵押,F5274,F5274--通信设备零售,72,113301,113301--普通长期贷款,企业法人,成长客户,潜力,110,130102--河北省--石家庄市--长安区,B0101--私人相对控股,2025-11-30 15:56:57,2026-06-24 14:46:08,0008--主合同(企金合同),1001--传统企金业务模板,1,LOAN_CORE,6,6-新能源产业,1010305--公司厂房按揭贷款,1.0,,无,F5274--通信设备零售,723.91,1122.52
2026-06-30,900000000034,A00034,星海医药股份有限公司,202210100017846,442290370077-6,0101--正常1,0101--正常1,正常,正常,正常,3.0,中期,贵州省,公司固定贷款,2026-06-30,贵阳分行,00293,贵阳市城北支行,"0108001,0140001,520115,00293",00293,302--已生效终止下柜,2025-10-10,JB7208,2022-10-10,2025-10-10,2025-10-28,zxsq2022101000178LR,tz2022101000178LO,tz2022092600178QL,FXQYF383L04244759164958456517018237308346,,,,1--是,900000000034,01--融资人,tz2022101000178LO,FXQYF383L04244759164958456517018237308346,DSFED2022101000000178,dstz2022101000178QF,900000000088,01700Y05,0--浮动值浮动,1--不分段计息,1--按季计息,公司住房开发贷款,1010201--公司住房开发贷款,2001--单一债项,105020100,0100--正常申请,01--人民币,0102--分期等额本息,30202--工业用地土地使用权抵押,L7251,L7251--互联网广告服务,33,113202,113202--中期住房开发贷款,企业法人,风险客户,风险,159,520115--贵州省--贵阳市--观山湖区,B0302--外商绝对控股,2022-12-24 18:58:41,2026-01-20 10:08:33,0008--主合同(企金合同),1001--传统企金业务模板,1,CREDIT,0,0-不属于战略性新兴产业,1010201--公司住房开发贷款,1.0,,无,L7251--互联网广告服务,0.0,1390.6
2026-06-30,900000000078,A00078,华盛材料集团有限公司,2024080700179HR,687786741448-9,0102--正常2,0102--正常2,正常,正常,正常,3.0,中期,云南省,公司流动贷款,2026-06-30,昆明分行,00282,昆明市营业部,"0108001,0140001,530103,00282",00282,301--已生效待下柜,2027-08-07,JB9986,2024-08-07,2027-09-06,,zxsq2024080700179IU,tz2024080700179ZA,tz20240727001791B,FXQYF889L02600594527677636579037599980153,,,,1--是,900000000078,01--融资人,tz2024080700179ZA,FXQYF889L02600594527677636579037599980153,,,,01700Y01,0--浮动值浮动,1--不分段计息,0--按月计息,流动资金额度循环贷款,10107--流动资金额度循环贷款,2001--单一债项,105070000,0100--正常申请,01--人民币,02--到期还款,30103--办公用房抵押,F5111,F5111--谷物、豆及薯类批发,92,113201,113201--普通中期贷款,企业法人,基础客户,长尾,120,530103--云南省--昆明市--盘龙区,B0302--外商绝对控股,2024-10-13 09:39:59,2025-01-26 10:43:11,0008--主合同(企金合同),1001--传统企金业务模板,1,CRM,6,6-新能源产业,10107--流动资金额度循环贷款,1.0,,无,F5111--谷物、豆及薯类批发,812.13,2088.33
2026-06-30,900000000077,A00077,华盛建设有限公司,2024052300180EA,684822546556-6,0101--正常1,0102--正常2,正常,正常,正常,5.0,中期,福建省,公司固定贷款,2026-06-30,莆田分行,00482,莆田市城南支行,"0108001,0140001,350302,00482",00482,301--已生效待下柜,2029-05-23,JB8072,2024-05-23,2029-07-22,,zxsq20240523001804P,tz2024052300180J1,tz2024052000180L3,FXQYF330L11963126994256057433680278894166,XYED2024052300000180,xytz2024052300180SC,xyht2024052300180G1,1--是,900000000077,01--融资人,tz2024052300180J1,FXQYF330L11963126994256057433680278894166,,,,01700Y01,0--浮动值浮动,1--不分段计息,1--按季计息,并购贷款,10106--并购贷款,2001--单一债项,105060000,0100--正常申请,01--人民币,0102--分期等额本息,40101--活期保证金,L7212,L7212--投资与资产管理,03,113201,113201--普通中期贷款,企业法人,风险客户,风险,174,350302--福建省--莆田市--城厢区,A0102--国有绝对控股,2024-06-20 18:46:31,2026-04-04 09:40:06,0008--主合同(企金合同),1001--传统企金业务模板,1,LOAN_CORE,0,0-不属于战略性新兴产业,10106--并购贷款,1.0,,无,L7212--投资与资产管理,4006.07,5655.63
2026-06-30,900000000015,A00015,鼎盛物流股份有限公司,20260515001811V,141424624880-2,0101--正常1,0400--可疑,正常,不良,可疑,0.5,短期,辽宁省,公司流动贷款,2026-06-30,沈阳分行,00283,沈阳市中心支行,"0108001,0140001,210102,00283",00283,301--已生效待下柜,2026-11-15,JB5769,2026-05-15,2026-12-15,,zxsq2026051500181VI,tz2026051500181GD,tz2026042800181KK,FXQYF031L64649329092473932550655533929174,,,,1--是,900000000015,01--融资人,tz2026051500181GD,FXQYF031L64649329092473932550655533929174,,,,01700Y05,0--浮动值浮动,1--不分段计息,2--按年计息,公司结算帐户透支,1010401--公司结算帐户透支,2001--单一债项,105040100,0100--正常申请,14--美元,03--分期还款（不规则期限还款）,30299--其他土地使用权抵押,C2924,C2924--泡沫塑料制造,60,125110,125110--单位结算账户透支,企业法人,基础客户,长尾,120,210102--辽宁省--沈阳市--和平区,B0101--私人相对控股,2026-06-30 09:12:07,2026-06-30 10:08:43,0008--主合同(企金合同),1001--传统企金业务模板,1,CRM,0,0-不属于战略性新兴产业,1010401--公司结算帐户透支,7.0197349332,,无,C2924--泡沫塑料制造,1316.09,1489.91
2026-06-30,900000000029,A00029,华盛医药股份有限公司,2023011100182CO,678414726900-5,0400--可疑,0103--正常3,不良,正常,正常,3.0,中期,广东省,公司固定贷款,2026-06-30,广州分行,00288,广州市城南支行,"0108001,0140001,440106,00288",00288,302--已生效终止下柜,2026-01-11,JB9619,2023-01-11,2026-02-10,2026-02-10,zxsq2023011100182ZG,tz2023011100182ZU,tz2022122800182DB,FXQYF991L46477045241395859471084190183471,,,,1--是,900000000029,01--融资人,tz2023011100182ZU,FXQYF991L46477045241395859471084190183471,,,,01700Y01,0--浮动值浮动,1--不分段计息,1--按季计息,其他固定资产贷款,1010299--其他固定资产贷款,2001--单一债项,105029900,0100--正常申请,01--人民币,02--到期还款,203--专业担保公司保证,C3461,C3461--烘炉、熔炉及电炉制造,76,113201,113201--普通中期贷款,企业法人,风险客户,风险,110,440106--广东省--广州市--天河区,B0101--私人相对控股,2023-01-31 18:58:11,2025-02-20 09:38:03,0008--主合同(企金合同),1001--传统企金业务模板,1,CREDIT,0,0-不属于战略性新兴产业,1010299--其他固定资产贷款,1.0,,无,C3461--烘炉、熔炉及电炉制造,0.0,3039.0
2026-06-30,900000000085,A00085,鼎盛商贸有限公司,2023100300183MD,525837959871-5,0101--正常1,0101--正常1,正常,正常,正常,3.0,中期,陕西省,公司固定贷款,2026-06-30,西安分行,00296,西安市营业部,"0108001,0140001,610113,00296",00296,301--已生效待下柜,2026-10-03,JB3002,2023-10-03,2026-11-02,,zxsq2023100300183RO,tz20231003001832X,tz2023092100183GG,FXQYF782L54115144591428934687738299833624,,,,1--是,900000000085,01--融资人,tz20231003001832X,FXQYF782L54115144591428934687738299833624,,,,01700Y05,0--浮动值浮动,1--不分段计息,1--按季计息,公司商用房按揭贷款,1010302--公司商用房按揭贷款,2001--单一债项,105030200,0100--正常申请,01--人民币,0101--分期等额本金,40102--定期保证金,G5431,G5431--普通货物道路运输,05,113201,113201--普通中期贷款,事业法人,基础客户,长尾,130,610113--陕西省--西安市--雁塔区,B0101--私人相对控股,2023-12-29 10:30:46,2025-05-13 18:34:13,0008--主合同(企金合同),1001--传统企金业务模板,1,CRM,0,0-不属于战略性新兴产业,1010302--公司商用房按揭贷款,1.0,新科产业集团有限公司,有,G5431--普通货物道路运输,1093.95,9845.51
2026-06-30,900000000044,A00044,中恒科技股份有限公司,202405050018476,215418681131-5,0101--正常1,0300--次级,正常,不良,次级,7.0,长期,安徽省,公司固定贷款,2026-06-30,合肥分行,00288,合肥市高新支行,"0108001,0140001,340104,00288",00288,301--已生效待下柜,2031-05-05,JB2894,2024-05-05,2031-07-04,,zxsq2024050500184WQ,tz2024050500184QC,tz20240504001849E,FXQYF600L40777035481562008414125685486976,,,,1--是,900000000044,01--融资人,tz2024050500184QC,FXQYF600L40777035481562008414125685486976,,,,01700Y05,0--浮动值浮动,4--满月分段计息,2--按年计息,并购贷款,10106--并购贷款,2002--组合债项,105060000,0302--重组-借新还旧（不变更主体）,01--人民币,02--到期还款,30101--住房抵押,F5239,F5239--其他日用品零售,28,113301,113301--普通长期贷款,企业法人,风险客户,风险,141,340104--安徽省--合肥市--蜀山区,B0201--港澳台相对控股,2024-07-15 10:24:47,2025-12-27 08:47:17,0008--主合同(企金合同),1001--传统企金业务模板,1,CRM,1,1-新一代信息技术产业,10106--并购贷款,1.0,,无,F5239--其他日用品零售,3531.99,5028.6
2026-06-30,900000000016,A00016,宏泰建设集团有限公司,2024071400185O2,278454000696-6,0101--正常1,0103--正常3,正常,正常,正常,3.0,中期,山东省,公司固定贷款,2026-06-30,济南分行,00287,济南市城南支行,"0108001,0140001,370102,00287",00287,301--已生效待下柜,2027-07-14,JB8100,2024-07-14,2027-07-14,,zxsq2024071400185Z5,tz2024071400185CS,tz2024070600185FV,FXQYF057L95988722896476652434017627249817,XYED2024071400000185,xytz2024071400185BY,xyht20240714001857M,1--是,900000000016,01--融资人,tz2024071400185CS,FXQYF057L95988722896476652434017627249817,,,,14802D01,0--浮动值浮动,4--满月分段计息,1--按季计息,其他固定资产贷款,1010299--其他固定资产贷款,2001--单一债项,105029900,0100--正常申请,01--人民币,02--到期还款,41003--非上市公司股权质押,F5162,F5162--石油及制品批发,56,113201,113201--普通中期贷款,企业法人,基础客户,长尾,110,370102--山东省--济南市--历下区,B0201--港澳台相对控股,2024-10-12 13:35:41,2025-06-13 11:41:24,0008--主合同(企金合同),1001--传统企金业务模板,1,CREDIT,1,1-新一代信息技术产业,1010299--其他固定资产贷款,1.0,,无,F5162--石油及制品批发,400.62,1109.4
2026-06-30,900000000048,A00048,启航科技有限公司,20231216001867U,276963173041-6,0203--关注3,0101--正常1,关注,正常,正常,2.0,中期,上海市,公司固定贷款,2026-06-30,上海分行,00301,上海市城南支行,"0108001,0140001,310115,00301",00301,302--已生效终止下柜,2025-12-16,JB7184,2023-12-16,2025-12-16,2026-01-03,zxsq2023121600186UI,tz2023121600186CT,tz20231127001860Y,FXQYF619L62949765361384185313500689803824,,,,1--是,900000000048,01--融资人,tz2023121600186CT,FXQYF619L62949765361384185313500689803824,,,,01700Y05,0--浮动值浮动,5--满季分段计息,4--手工计息,公司厂房按揭贷款,1010305--公司厂房按揭贷款,2001--单一债项,105030500,0700--连连贷,01--人民币,02--到期还款,30104--厂房抵押,C3252,C3252--铝压延加工,09,113201,113201--普通中期贷款,企业法人,风险客户,风险,149,310115--上海市--上海市--浦东新区,A0101--国有相对控股,2024-02-07 10:12:49,2026-03-26 18:38:26,0008--主合同(企金合同),1001--传统企金业务模板,1,LOAN_CORE,0,0-不属于战略性新兴产业,1010305--公司厂房按揭贷款,1.0,,无,C3252--铝压延加工,0.0,1775.74
2026-06-30,900000000062,A00062,华盛软件有限公司,2025080300187T3,821784917152-3,0101--正常1,0101--正常1,正常,正常,正常,2.0,中期,浙江省,公司固定贷款,2026-06-30,杭州分行,00293,杭州市城北支行,"0108001,0140001,330106,00293",00293,301--已生效待下柜,2027-08-03,JB2241,2025-08-03,2027-10-02,,zxsq2025080300187HN,tz2025080300187TH,tz2025072000187GG,FXQYF579L57973503376884096086822372794309,,,,1--是,900000000062,01--融资人,tz2025080300187TH,FXQYF579L57973503376884096086822372794309,,,,01700Y01,0--浮动值浮动,1--不分段计息,0--按月计息,公司商用房按揭贷款,1010302--公司商用房按揭贷款,2001--单一债项,105030200,0301--重组-借新还旧（变更主体）,01--人民币,0102--分期等额本息,40102--定期保证金,C3352,C3352--建筑装饰及水暖管道零件制造,66,113201,113201--普通中期贷款,企业法人,成长客户,潜力,141,330106--浙江省--杭州市--西湖区,B0101--私人相对控股,2025-08-27 15:00:15,2026-03-12 18:41:08,0008--主合同(企金合同),1001--传统企金业务模板,1,LOAN_CORE,0,0-不属于战略性新兴产业,1010302--公司商用房按揭贷款,1.0,,无,C3352--建筑装饰及水暖管道零件制造,2872.65,4055.5
2026-06-30,900000000077,A00077,华盛建设有限公司,2025111800188DS,479102514864-4,0101--正常1,0101--正常1,正常,正常,正常,10.0,长期,福建省,公司固定贷款,2026-06-30,莆田分行,00490,莆田市营业部,"0108001,0140001,350302,00490",00490,301--已生效待下柜,2035-11-18,JB8585,2025-11-18,2035-12-18,,zxsq2025111800188TE,tz202511180018808,tz2025110400188FB,FXQYF965L93620147789915042328559709386158,,,,1--是,900000000077,01--融资人,tz202511180018808,FXQYF965L93620147789915042328559709386158,,,,01700Y01,0--浮动值浮动,1--不分段计息,0--按月计息,公司厂房按揭贷款,1010305--公司厂房按揭贷款,2002--组合债项,105030500,0100--正常申请,01--人民币,03--分期还款（不规则期限还款）,203--专业担保公司保证,L7212,L7212--投资与资产管理,81,113301,113301--普通长期贷款,企业法人,重点客户,价值,110,350302--福建省--莆田市--城厢区,B0102--私人绝对控股,2025-11-18 16:13:51,2026-01-02 10:53:55,0008--主合同(企金合同),1001--传统企金业务模板,1,CREDIT,0,0-不属于战略性新兴产业,1010305--公司厂房按揭贷款,1.0,,无,L7212--投资与资产管理,627.76,654.49
2026-06-30,900000000056,A00056,卓越科技集团有限公司,202403020018931,126051868701-5,0103--正常3,0102--正常2,正常,正常,正常,10.0,长期,福建省,公司固定贷款,2026-06-30,宁德分行,01091,宁德市城南支行,"0108001,0140001,350902,01091",01091,301--已生效待下柜,2034-03-02,JB9202,2024-03-02,2034-05-01,,zxsq20240302001896W,tz2024030200189TC,tz20240228001895W,FXQYF710L78308176928167933421784428402281,,,,1--是,900000000056,01--融资人,tz2024030200189TC,FXQYF710L78308176928167933421784428402281,,,,14802D01,0--浮动值浮动,4--满月分段计息,2--按年计息,项目贷款,1010203--项目贷款,2001--单一债项,105020300,0100--正常申请,01--人民币,02--到期还款,41699--其他应收账款质押,C2023,C2023--刨花板制造,05,113301,113301--普通长期贷款,企业法人,基础客户,长尾,149,350902--福建省--宁德市--蕉城区,B0301--外商相对控股,2024-03-20 13:40:47,2026-06-22 13:26:04,0008--主合同(企金合同),1001--传统企金业务模板,1,CREDIT,0,0-不属于战略性新兴产业,1010203--项目贷款,1.0,,无,C2023--刨花板制造,11487.31,14822.33
2026-06-30,900000000093,A00093,嘉禾物流股份有限公司,2026011500190YB,416934653508-7,0400--可疑,0203--关注3,不良,关注,关注,5.0,中期,云南省,公司固定贷款,2026-06-30,昆明分行,00293,昆明市城北支行,"0108001,0140001,530103,00293",00293,301--已生效待下柜,2031-01-15,JB6247,2026-01-15,2031-02-14,,zxsq20260115001903N,tz2026011500190W2,tz20260107001902H,FXQYF862L89869645067811036008235518612599,,,,1--是,900000000093,01--融资人,tz2026011500190W2,FXQYF862L89869645067811036008235518612599,,,,01700Y05,0--浮动值浮动,4--满月分段计息,1--按季计息,公司住房开发贷款,1010201--公司住房开发贷款,2001--单一债项,105020100,0100--正常申请,01--人民币,0102--分期等额本息,201--公司法人保证,F5175,F5175--电气设备批发,33,113202,113202--中期住房开发贷款,企业法人,风险客户,风险,190,530103--云南省--昆明市--盘龙区,A0201--集体相对控股,2026-02-26 13:16:44,2026-05-17 18:29:32,0008--主合同(企金合同),1001--传统企金业务模板,1,LOAN_CORE,7,7-节能环保产业,1010201--公司住房开发贷款,1.0,,无,F5175--电气设备批发,1700.4,1854.98
2026-06-30,900000000096,A00096,瑞达电子有限公司,20240909001913F,827214233763-8,0103--正常3,0101--正常1,正常,正常,正常,5.0,中期,四川省,公司固定贷款,2026-06-30,成都分行,00298,成都市城南支行,"0108001,0140001,510107,00298",00298,301--已生效待下柜,2029-09-09,JB1792,2024-09-09,2029-09-09,,zxsq2024090900191L6,tz2024090900191MM,tz2024090800191B0,FXQYF789L63515336617051368422057436336975,XYED2024090900000191,xytz20240909001917U,xyht2024090900191OW,1--是,900000000096,01--融资人,tz2024090900191MM,FXQYF789L63515336617051368422057436336975,,,,14802D01,0--浮动值浮动,4--满月分段计息,1--按季计息,项目贷款,1010203--项目贷款,2001--单一债项,105020300,0301--重组-借新还旧（变更主体）,01--人民币,0101--分期等额本金,30202--工业用地土地使用权抵押,C2720,C2720--化学药品制剂制造,91,113201,113201--普通中期贷款,企业法人,基础客户,长尾,174,510107--四川省--成都市--武侯区,A0201--集体相对控股,2024-11-17 11:28:05,2025-03-30 08:43:39,0008--主合同(企金合同),1001--传统企金业务模板,1,CREDIT,1,1-新一代信息技术产业,1010203--项目贷款,1.0,嘉禾产业集团有限公司,有,C2720--化学药品制剂制造,3782.52,5819.26
2026-06-30,900000000086,A00086,星海食品有限公司,2024022300192DO,234742970018-1,0400--可疑,0102--正常2,不良,正常,正常,7.0,长期,天津市,公司固定贷款,2026-06-30,天津分行,00293,天津市城南支行,"0108001,0140001,120101,00293",00293,301--已生效待下柜,2031-02-23,JB5944,2024-02-23,2031-02-23,,zxsq2024022300192K8,tz20240223001929L,tz2024021300192LW,FXQYF625L66174781344138310492783055976856,,,,1--是,900000000086,01--融资人,tz20240223001929L,FXQYF625L66174781344138310492783055976856,,,,14802D01,0--浮动值浮动,1--不分段计息,0--按月计息,其他固定资产贷款,1010299--其他固定资产贷款,2002--组合债项,105029900,0100--正常申请,01--人民币,03--分期还款（不规则期限还款）,306--在建工程,C1369,C1369--其他水产品加工,34,113301,113301--普通长期贷款,企业法人,重点客户,价值,190,120101--天津市--天津市--和平区,A0101--国有相对控股,2024-05-14 12:51:13,2025-08-15 14:29:49,0008--主合同(企金合同),1001--传统企金业务模板,1,CREDIT,0,0-不属于战略性新兴产业,1010299--其他固定资产贷款,1.0,嘉禾产业集团有限公司,有,C1369--其他水产品加工,4186.1,7461.14
2026-06-30,900000000064,A00064,华盛商贸股份有限公司,20260429001936O,750034748516-4,0102--正常2,0102--正常2,正常,正常,正常,10.0,长期,陕西省,公司固定贷款,2026-06-30,西安分行,00306,西安市中心支行,"0108001,0140001,610113,00306",00306,301--已生效待下柜,2036-04-28,JB9946,2026-04-29,2036-04-28,,zxsq2026042900193U0,tz20260429001936O,tz2026042600193IN,FXQYF452L52570390436147023756246920085761,XYED2026042900000193,xytz2026042900193C4,xyht20260429001931X,1--是,900000000064,01--融资人,tz20260429001936O,FXQYF452L52570390436147023756246920085761,,,,01700Y05,0--浮动值浮动,1--不分段计息,0--按月计息,公司厂房按揭贷款,1010305--公司厂房按揭贷款,2001--单一债项,105030500,0800--循环贷续作,01--人民币,02--到期还款,41003--非上市公司股权质押,C2720,C2720--化学药品制剂制造,99,113301,113301--普通长期贷款,企业法人,成长客户,潜力,171,610113--陕西省--西安市--雁塔区,B0201--港澳台相对控股,2026-06-28 11:39:35,2026-06-28 16:08:15,0008--主合同(企金合同),1001--传统企金业务模板,1,CREDIT,3,3-新材料产业,1010305--公司厂房按揭贷款,1.0,,无,C2720--化学药品制剂制造,1289.02,1864.11
2026-06-30,900000000051,A00051,卓越机械集团有限公司,20250914001944S,788901325788-4,0101--正常1,0101--正常1,正常,正常,正常,0.5,短期,安徽省,公司流动贷款,2026-06-30,合肥分行,00298,合肥市中心支行,"0108001,0140001,340104,00298",00298,302--已生效终止下柜,2026-03-14,JB7069,2025-09-14,2026-04-13,2026-05-04,zxsq2025091400194XH,tz2025091400194P4,tz2025090800194TK,FXQYF260L71180709276339021511607765387682,XYED2025091400000194,xytz20250914001947L,xyht2025091400194SY,1--是,900000000051,01--融资人,tz2025091400194P4,FXQYF260L71180709276339021511607765387682,,,,01700Y05,0--浮动值浮动,0--不计息,0--按月计息,公司结算帐户透支,1010401--公司结算帐户透支,2001--单一债项,105040100,0302--重组-借新还旧（不变更主体）,01--人民币,02--到期还款,101--一般信用,F5117,F5117--渔业产品批发,57,125110,125110--单位结算账户透支,企业法人,重点客户,价值,190,340104--安徽省--合肥市--蜀山区,B0201--港澳台相对控股,2025-11-17 18:13:38,2026-04-22 17:44:57,0008--主合同(企金合同),1001--传统企金业务模板,1,CRM,6,6-新能源产业,1010401--公司结算帐户透支,1.0,,无,F5117--渔业产品批发,0.0,3540.39
2026-06-30,900000000039,A00039,众联能源股份有限公司,2026012600195RP,164524038221-1,0101--正常1,0203--关注3,正常,关注,关注,7.0,长期,青海省,公司固定贷款,2026-06-30,西宁分行,00299,西宁市城北支行,"0108001,0140001,630104,00299",00299,301--已生效待下柜,2033-01-26,JB8521,2026-01-26,2033-01-26,,zxsq2026012600195UL,tz2026012600195S7,tz2026012500195O7,FXQYF548L01840313367775278199353956947859,XYED2026012600000195,xytz2026012600195YS,xyht2026012600195FX,1--是,900000000039,01--融资人,tz2026012600195S7,FXQYF548L01840313367775278199353956947859,,,,01700Y01,0--浮动值浮动,4--满月分段计息,0--按月计息,项目贷款,1010203--项目贷款,2001--单一债项,105020300,0100--正常申请,01--人民币,03--分期还款（不规则期限还款）,201--公司法人保证,C2659,C2659--其他合成材料制造,39,113301,113301--普通长期贷款,事业法人,基础客户,长尾,130,630104--青海省--西宁市--城西区,B0101--私人相对控股,2026-03-23 16:56:39,2026-04-20 09:31:40,0008--主合同(企金合同),1001--传统企金业务模板,1,CREDIT,0,0-不属于战略性新兴产业,1010203--项目贷款,1.0,,无,C2659--其他合成材料制造,18026.07,18809.81
2026-06-30,900000000024,A00024,瑞达商贸有限公司,2022101400196L3,799204929602-8,0101--正常1,0300--次级,正常,不良,次级,1.0,短期,贵州省,公司流动贷款,2026-06-30,贵阳分行,00311,贵阳市营业部,"0108001,0140001,520115,00311",00311,301--已生效待下柜,2023-10-14,JB5207,2022-10-14,2023-11-13,,zxsq20221014001963E,tz202210140019637,tz2022100400196TB,FXQYF998L35559303013848188387038600215918,,,,1--是,900000000024,01--融资人,tz202210140019637,FXQYF998L35559303013848188387038600215918,,,,01700Y01,0--浮动值浮动,1--不分段计息,0--按月计息,公司结算帐户透支,1010401--公司结算帐户透支,2002--组合债项,105040100,0100--正常申请,01--人民币,02--到期还款,30103--办公用房抵押,C1469,C1469--其他调味品、发酵制品制造,60,125110,125110--单位结算账户透支,企业法人,重点客户,价值,120,520115--贵州省--贵阳市--观山湖区,B0301--外商相对控股,2022-12-15 08:51:55,2026-06-19 13:46:36,0008--主合同(企金合同),1001--传统企金业务模板,1,CREDIT,2,2-高端装备制造产业,1010401--公司结算帐户透支,1.0,新科产业集团有限公司,有,C1469--其他调味品、发酵制品制造,40.75,814.97
2026-06-30,900000000011,A00011,中恒能源股份有限公司,2026040800197DZ,445620961658-6,0101--正常1,0300--次级,正常,不良,次级,3.0,中期,福建省,公司流动贷款,2026-06-30,南平分行,00900,南平市营业部,"0108001,0140001,350703,00900",00900,301--已生效待下柜,2029-04-08,JB4158,2026-04-08,2029-06-07,,zxsq20260408001979E,tz2026040800197DQ,tz2026032900197NT,FXQYF596L01736162541106000513588998686871,,,,1--是,900000000011,01--融资人,tz2026040800197DQ,FXQYF596L01736162541106000513588998686871,,,,01700Y01,0--浮动值浮动,1--不分段计息,0--按月计息,流动资金额度循环贷款,10107--流动资金额度循环贷款,2002--组合债项,105070000,0100--正常申请,01--人民币,0101--分期等额本金,201--公司法人保证,L7299,L7299--其他未列明商务服务业,95,113201,113201--普通中期贷款,企业法人,重点客户,价值,141,350703--福建省--南平市--建阳区,B0102--私人绝对控股,2026-05-30 14:10:02,2026-06-29 09:52:27,0008--主合同(企金合同),1001--传统企金业务模板,1,LOAN_CORE,2,2-高端装备制造产业,10107--流动资金额度循环贷款,1.0,启航产业集团有限公司,有,L7299--其他未列明商务服务业,784.43,830.57
2026-06-30,900000000020,A00020,鼎盛机械有限公司,20240228001989F,330564729741-8,0102--正常2,0101--正常1,正常,正常,正常,1.0,短期,辽宁省,公司流动贷款,2026-06-30,大连分行,00400,大连市营业部,"0108001,0140001,210202,00400",00400,302--已生效终止下柜,2025-02-28,JB8007,2024-02-28,2025-02-28,2025-03-28,zxsq20240228001989F,tz2024022800198HZ,tz2024022700198MQ,FXQYF677L62761351645953158370264750029696,XYED2024022800000198,xytz2024022800198L0,xyht2024022800198IE,1--是,900000000020,01--融资人,tz2024022800198HZ,FXQYF677L62761351645953158370264750029696,,,,01700Y01,0--浮动值浮动,1--不分段计息,3--利随本清,公司结算帐户透支,1010401--公司结算帐户透支,2001--单一债项,105040100,0100--正常申请,01--人民币,03--分期还款（不规则期限还款）,30101--住房抵押,C2651,C2651--初级形态塑料及合成树脂制造,50,125110,125110--单位结算账户透支,企业法人,成长客户,潜力,171,210202--辽宁省--大连市--中山区,B0201--港澳台相对控股,2024-04-14 11:30:33,2025-09-15 18:27:38,0008--主合同(企金合同),1001--传统企金业务模板,1,LOAN_CORE,4,4-生物产业,1010401--公司结算帐户透支,1.0,,无,C2651--初级形态塑料及合成树脂制造,0.0,1623.19
2026-06-30,900000000042,A00042,远景制造集团有限公司,2024072200199FU,653394779252-1,0103--正常3,0101--正常1,正常,正常,正常,5.0,中期,云南省,公司固定贷款,2026-06-30,昆明分行,00302,昆明市高新支行,"0108001,0140001,530103,00302",00302,301--已生效待下柜,2029-07-22,JB8702,2024-07-22,2029-07-22,,zxsq2024072200199MQ,tz2024072200199LR,tz2024070900199O5,FXQYF812L75224457756758297488232313540926,XYED2024072200000199,xytz2024072200199UY,xyht2024072200199UQ,1--是,900000000042,01--融资人,tz2024072200199LR,FXQYF812L75224457756758297488232313540926,,,,01700Y01,0--浮动值浮动,4--满月分段计息,0--按月计息,项目贷款,1010203--项目贷款,2001--单一债项,105020300,0302--重组-借新还旧（不变更主体）,01--人民币,0101--分期等额本金,203--专业担保公司保证,F5165,F5165--建材批发,20,113201,113201--普通中期贷款,企业法人,基础客户,长尾,159,530103--云南省--昆明市--盘龙区,A0102--国有绝对控股,2024-10-09 12:02:07,2026-05-24 10:00:48,0008--主合同(企金合同),1001--传统企金业务模板,1,CREDIT,0,0-不属于战略性新兴产业,1010203--项目贷款,1.0,,无,F5165--建材批发,324.49,443.5
2026-06-30,900000000059,A00059,卓越物流股份有限公司,2024102100200IL,217471478097-1,0102--正常2,0300--次级,正常,不良,次级,5.0,中期,贵州省,公司固定贷款,2026-06-30,贵阳分行,00315,贵阳市中心支行,"0108001,0140001,520115,00315",00315,301--已生效待下柜,2029-10-21,JB6927,2024-10-21,2029-10-21,,zxsq2024102100200EH,tz20241021002009K,tz2024100900200SC,FXQYF122L41294536572563412314695264967511,XYED2024102100000200,xytz2024102100200HA,xyht20241021002003H,1--是,900000000059,01--融资人,tz20241021002009K,FXQYF122L41294536572563412314695264967511,,,,01700Y01,0--浮动值浮动,7--满年分段计息,0--按月计息,公司商用房按揭贷款,1010302--公司商用房按揭贷款,2001--单一债项,105030200,0100--正常申请,01--人民币,0102--分期等额本息,41003--非上市公司股权质押,N7861,N7861--名胜风景区管理,33,113201,113201--普通中期贷款,企业法人,风险客户,风险,110,520115--贵州省--贵阳市--观山湖区,B0102--私人绝对控股,2024-12-31 18:07:57,2026-01-07 11:03:20,0008--主合同(企金合同),1001--传统企金业务模板,1,LOAN_CORE,0,0-不属于战略性新兴产业,1010302--公司商用房按揭贷款,1.0,卓越产业集团有限公司,有,N7861--名胜风景区管理,1485.89,2228.84
